-- ============================================================
  -- BACKUP DE PRODUCCIÓN - La Liga de Campeones
  -- Fecha: 2026-04-10T11:25:04.999Z
  -- Base de datos: producción (neondb)
  -- ============================================================
  SET client_encoding = 'UTF8';
  BEGIN;

  -- ============================================================
-- Tabla: divisions (3 filas)
-- ============================================================
INSERT INTO divisions ("id", "name", "theme", "description", "created_at") VALUES ('e22ae070-36b7-4591-950e-f0216b8a7bb2', 'Primera División', 'PRIMERA', 'Máxima categoría', '2026-02-18 12:10:37.549125+00') ON CONFLICT DO NOTHING;
INSERT INTO divisions ("id", "name", "theme", "description", "created_at") VALUES ('dd036abe-f19c-4a6f-8fe2-231aa5582882', 'Segunda División', 'SEGUNDA', 'Segunda categoría', '2026-02-18 12:10:37.575956+00') ON CONFLICT DO NOTHING;
INSERT INTO divisions ("id", "name", "theme", "description", "created_at") VALUES ('2cec8476-a224-41d5-b597-388fc05c2c75', '+ 30', 'SEGUNDA', 'Torneo libre +30', '2026-03-04 09:56:01.956136+00') ON CONFLICT DO NOTHING;

-- ============================================================
-- Tabla: tournaments (2 filas)
-- ============================================================
INSERT INTO tournaments ("id", "division_id", "tournament_type_id", "name", "season_name", "location", "start_date", "end_date", "status", "champion_team_id", "champion_team_name", "final_standings", "fee_per_team", "fine_yellow", "fine_red", "fine_red_direct", "max_federated_players", "double_round", "schedule_generated", "created_at", "max_players_per_team", "registration_open") VALUES ('07935560-9e2e-413b-ae5c-3e3f7daa266f', '2cec8476-a224-41d5-b597-388fc05c2c75', NULL, 'Categoría +30', '+30', 'Málaga Teatinos gaonas ', '2026-04-05T00:00:00.000Z', NULL, 'ACTIVO', NULL, NULL, NULL, '380', '5', '10', '15', NULL, NULL, NULL, '2026-04-09 15:45:35.846323+00', NULL, 't') ON CONFLICT DO NOTHING;
INSERT INTO tournaments ("id", "division_id", "tournament_type_id", "name", "season_name", "location", "start_date", "end_date", "status", "champion_team_id", "champion_team_name", "final_standings", "fee_per_team", "fine_yellow", "fine_red", "fine_red_direct", "max_federated_players", "double_round", "schedule_generated", "created_at", "max_players_per_team", "registration_open") VALUES ('86a7dc6c-f590-49f0-abb1-7f3c0dffe62d', 'e22ae070-36b7-4591-950e-f0216b8a7bb2', NULL, 'Liga de Campeones 2026', 'Temporada Primavera 2026', 'Fuengirola', '2026-02-18', NULL, 'ACTIVO', NULL, NULL, NULL, NULL, '5', '10', '15', NULL, NULL, NULL, '2026-02-18 12:10:37.694136+00', NULL, 't') ON CONFLICT DO NOTHING;

-- ============================================================
-- Tabla: tournament_stages (1 filas)
-- ============================================================
INSERT INTO tournament_stages ("id", "tournament_id", "name", "sort_order", "stage_type") VALUES ('d08eb75d-033b-4c30-a093-9c964f7908a1', '86a7dc6c-f590-49f0-abb1-7f3c0dffe62d', 'Jornada Regular', '1', 'LIGA') ON CONFLICT DO NOTHING;

-- ============================================================
-- Tabla: users (42 filas)
-- ============================================================
INSERT INTO users ("id", "name", "email", "password_hash", "role", "team_id", "status", "created_at", "phone") VALUES ('b81a7f89-9cf5-4045-891d-96b438da26e0', 'Admin Principal', 'admin@liga.com', '$2b$10$VuKyujfpqA7CV8n2u6iuLOPtqdCuQkj0daLPL8M9ahO4L30doiDNS', 'ADMIN', NULL, 'ACTIVO', '2026-02-18 12:10:37.876845+00', NULL) ON CONFLICT DO NOTHING;
INSERT INTO users ("id", "name", "email", "password_hash", "role", "team_id", "status", "created_at", "phone") VALUES ('e1081b0f-e28e-4c0f-9171-9e11935996ee', 'Admin Secundario', 'admin2@liga.com', '$2b$10$kpnwGAnXfkCiOVq1wFA2JOIdkglmBfgyhkme05n.HrHE3b/H3Zfwu', 'ADMIN', NULL, 'ACTIVO', '2026-02-18 12:10:38.036315+00', NULL) ON CONFLICT DO NOTHING;
INSERT INTO users ("id", "name", "email", "password_hash", "role", "team_id", "status", "created_at", "phone") VALUES ('a919551f-6e8e-41f9-96f4-7ad054e522d5', 'Admin Soporte', 'admin3@liga.com', '$2b$10$ez.bYoC8xRT2rbjkUwcGaeEDwJdZReAdrUhDcP/sV/UerjsyKIHsq', 'ADMIN', NULL, 'ACTIVO', '2026-02-18 12:10:38.195494+00', NULL) ON CONFLICT DO NOTHING;
INSERT INTO users ("id", "name", "email", "password_hash", "role", "team_id", "status", "created_at", "phone") VALUES ('dceb6fcb-3a93-4846-b305-7c7c6a8b8709', 'Capitán El Palo', 'capitan1@liga.com', '$2b$10$M7mH7iFXPqEToQFroqnqkOzT4xudex6LNsZKb4t/P2XsCDb2rG.7K', 'CAPITAN', '99136abb-ea3f-45e9-8283-14931917b21a', 'ACTIVO', '2026-02-18 12:10:38.454356+00', NULL) ON CONFLICT DO NOTHING;
INSERT INTO users ("id", "name", "email", "password_hash", "role", "team_id", "status", "created_at", "phone") VALUES ('3d0470a9-dfb0-4a1b-af83-a7b3cb0af389', 'Capitán Fuengirola', 'capitan2@liga.com', '$2b$10$QNPbmc13kl1/jFcZhvWSreQWeHlzphpHkUfMa49Aw4AZW4jAWUAfe', 'CAPITAN', '3fa0fd99-35d0-40b7-a30d-d0881711c5cf', 'ACTIVO', '2026-02-18 12:10:38.633155+00', NULL) ON CONFLICT DO NOTHING;
INSERT INTO users ("id", "name", "email", "password_hash", "role", "team_id", "status", "created_at", "phone") VALUES ('0aa2a754-185c-414c-8821-26a7c78f885e', 'Capitán Rejunte', 'capitan4@liga.com', '$2b$10$E33pFX2StLjsknbiYZgJduZn0yyYHOrN8jc/4kkfvs7p/Bk6C5H52', 'CAPITAN', 'a56a9605-b612-4c44-8426-c5e65ae83926', 'ACTIVO', '2026-02-18 12:10:38.984539+00', NULL) ON CONFLICT DO NOTHING;
INSERT INTO users ("id", "name", "email", "password_hash", "role", "team_id", "status", "created_at", "phone") VALUES ('049ae609-dc8e-4e7e-819c-bdc0df4b404a', 'Juan Pérez', 'arbitro1@liga.com', '$2b$10$azP6OclfF.Qq7nXzGTrYO.kzc7aRMszMKjK3l9iRIKr84uG5ruYuS', 'ARBITRO', NULL, 'ACTIVO', '2026-02-18 12:10:39.167643+00', NULL) ON CONFLICT DO NOTHING;
INSERT INTO users ("id", "name", "email", "password_hash", "role", "team_id", "status", "created_at", "phone") VALUES ('66b47301-199e-44e0-80f9-f19bd497d168', 'shey', 'sheylagaona312@gmail.com', '$2b$10$i7G5JUF58cnrX5MIcR6reO5cLeug.G7sbtJuI/8ireTrwzzp7hGga', 'ADMIN', NULL, 'ACTIVO', '2026-02-25 18:00:16.199572+00', NULL) ON CONFLICT DO NOTHING;
INSERT INTO users ("id", "name", "email", "password_hash", "role", "team_id", "status", "created_at", "phone") VALUES ('47e14470-8cbc-48c7-aac0-6c58f70ddaeb', 'Fer y Lucia', 'Ferbogadofilms@gmail.com', '$2b$10$hs5JmJ6aj1xKjyf1aFUlpuueDQf1aCtvfmrcbxdaZSvuCw71pucEu', 'MARKETING', NULL, 'ACTIVO', '2026-02-25 18:19:25.675857+00', NULL) ON CONFLICT DO NOTHING;
INSERT INTO users ("id", "name", "email", "password_hash", "role", "team_id", "status", "created_at", "phone") VALUES ('587f05d4-2d16-4abc-809b-ec65625844ab', 'Pedro Gómez', 'arbitro2@liga.com', '$2b$10$r2JcZh0vC2QNGu7hY6mVQuG3ggF17yua.2LBaIFXnFkoeW20kgCkK', 'ARBITRO', NULL, 'ACTIVO', '2026-02-18 12:10:39.328234+00', NULL) ON CONFLICT DO NOTHING;
INSERT INTO users ("id", "name", "email", "password_hash", "role", "team_id", "status", "created_at", "phone") VALUES ('a248fbb7-f9ed-4626-aab0-a478e1dc8ccf', 'Capitán Millonarios', 'capitan3@liga.com', '$2b$10$y8AJJvGoO3HrMRLQolgo/.kh8L9RaUy7fbAjismiMHBBD.7JZstUG', 'CAPITAN', 'bb416f3a-f7c8-418a-b2eb-2d425bd301f6', 'ACTIVO', '2026-02-18 12:10:38.811798+00', NULL) ON CONFLICT DO NOTHING;
INSERT INTO users ("id", "name", "email", "password_hash", "role", "team_id", "status", "created_at", "phone") VALUES ('26674c0d-f51f-44d3-84b3-8ebc052fdde3', 'Pablo Castillo ', 'cjfajardo@yahoo.com', '$2b$10$4rlyrt8WuV/LG./PxExdDuENa/hBfKpb77IjK1uJZdmyLEpXuGqBa', 'CAPITAN', 'd81a1f2b-8397-4f2f-9f63-6f2edc169c47', 'ACTIVO', '2026-03-17 17:55:59.028961+00', NULL) ON CONFLICT DO NOTHING;
INSERT INTO users ("id", "name", "email", "password_hash", "role", "team_id", "status", "created_at", "phone") VALUES ('fa02b729-5488-4898-8e68-456f1f7c1e48', 'Carlos Fajardo', 'claudia.fajardo@gruposalus.com.mx', '$2b$10$VmnAm04YhXPmq/jVhmbnjOfTHQVObSJQfP1K/GiozHuJdKWzybrqG', 'CAPITAN', 'd51210e5-9302-47dc-b4e8-722b05d8344d', 'ACTIVO', '2026-03-17 18:51:21.027548+00', NULL) ON CONFLICT DO NOTHING;
INSERT INTO users ("id", "name", "email", "password_hash", "role", "team_id", "status", "created_at", "phone") VALUES ('d064eb1c-fae8-4b88-ba7f-64d42a3405c4', 'José Heredia ', 'Athenea.neymar@gmail.com', '$2b$10$U2qzmsuWLmMR6vtLYYK64.svJGvFVvSCm5PemdATli1Id2niuODhy', 'ARBITRO', NULL, 'ACTIVO', '2026-03-17 19:36:55.003797+00', NULL) ON CONFLICT DO NOTHING;
INSERT INTO users ("id", "name", "email", "password_hash", "role", "team_id", "status", "created_at", "phone") VALUES ('ac8eca36-dd3f-4aab-ba50-653852f29d5f', 'César Francisco ', 'cesar99alvarenga@gmail.com', '$2b$10$O0DQxNTCI19E7eZ1eK/UX.mdgT6.TqcYevwYFNwjf08gzSpKU74FG', 'CAPITAN', '0de56b98-1b8a-4dfd-977e-f9939f822c3a', 'ACTIVO', '2026-03-17 19:42:21.374063+00', NULL) ON CONFLICT DO NOTHING;
INSERT INTO users ("id", "name", "email", "password_hash", "role", "team_id", "status", "created_at", "phone") VALUES ('99365d73-c10e-461e-9362-b04c6ed3b175', 'Nestor Fabian Benitez', 'winey7911@gmail.com', '$2b$10$Qt3h66anuXVf6sQYAeeqEu0zXMP6SJQE3zy4wDYjGnbeh8XCBRIyq', 'CAPITAN', '34c51dc3-f3ab-4d18-adad-970db3a37784', 'ACTIVO', '2026-03-20 21:00:55.674417+00', '603446106') ON CONFLICT DO NOTHING;
INSERT INTO users ("id", "name", "email", "password_hash", "role", "team_id", "status", "created_at", "phone") VALUES ('d1acdb9d-3730-4708-a438-16f93708cfed', 'David Franco ', 'juliodavidfranco79@gmail.com', '$2b$10$YpwmJClDWLtxsOL8B5C9kepjhvZt/Xhbyg0Ho2SaZeuCgkTQao9BO', 'CAPITAN', '91cf16fd-0336-4df0-a15a-25e820eed7b5', 'ACTIVO', '2026-03-18 13:09:03.94841+00', NULL) ON CONFLICT DO NOTHING;
INSERT INTO users ("id", "name", "email", "password_hash", "role", "team_id", "status", "created_at", "phone") VALUES ('920718d1-51ed-465c-857b-6dadd0bf3c2f', 'Marcelo Santacruz Cardozo ', 'marcelitosantacruzcardozo.91@gmail.com', '$2b$10$RkiYEFeXxLBoqZ/mE8X6nul2TTjkcZw5Rn/cvcaWIfhat1PZIgrLu', 'CAPITAN', NULL, 'ACTIVO', '2026-03-18 14:59:40.937794+00', NULL) ON CONFLICT DO NOTHING;
INSERT INTO users ("id", "name", "email", "password_hash", "role", "team_id", "status", "created_at", "phone") VALUES ('1acdd179-7fd9-407b-8e84-40a0ef9d86db', 'Eduardo Pruebas', 'ecastm@yahoo.com', '$2b$10$Frf5VjtHHz6v89g23/VQQO5aaKmis3RKwMGBJBDualySSTjGiYtwW', 'CAPITAN', NULL, 'ACTIVO', '2026-03-19 13:08:19.579807+00', NULL) ON CONFLICT DO NOTHING;
INSERT INTO users ("id", "name", "email", "password_hash", "role", "team_id", "status", "created_at", "phone") VALUES ('7acf2739-1e28-411a-a8ab-d04f974030c5', 'Lorenzo Ocampos', 'ocamposlorenzo998@gmail.com', '$2b$10$Zphg9EqCj.9uMwHIyMgDuOM.2d0Ue4J3WfyBJoQuH/sc/dhDvntFy', 'CAPITAN', '2e23f2d6-4042-4a94-9ebb-13069e23fc1c', 'ACTIVO', '2026-03-18 13:05:16.832468+00', NULL) ON CONFLICT DO NOTHING;
INSERT INTO users ("id", "name", "email", "password_hash", "role", "team_id", "status", "created_at", "phone") VALUES ('b058a115-e5ed-4641-ad39-142f9faa70b4', 'Rafael duarte', 'wwwrafael.95@gemail.com', '$2b$10$CjCu2ejO5G56QUjCmblu/eTaPTQj29TOd0LREpuZqWS7Yy0SsPJyy', 'CAPITAN', NULL, 'ACTIVO', '2026-03-18 20:18:15.146234+00', NULL) ON CONFLICT DO NOTHING;
INSERT INTO users ("id", "name", "email", "password_hash", "role", "team_id", "status", "created_at", "phone") VALUES ('edb46209-a717-4a80-aa36-3c01bd331484', 'Miguel', 'sebas95ramos@gmail.com', '$2b$10$YgAYNCRNtmTgOvQ1sIidGOEZLlOUxxjux1AMFyRweFaBqxFOaex7S', 'CAPITAN', '6dc24c30-97fe-410a-8bf4-f096507da76c', 'ACTIVO', '2026-03-18 21:29:32.560927+00', NULL) ON CONFLICT DO NOTHING;
INSERT INTO users ("id", "name", "email", "password_hash", "role", "team_id", "status", "created_at", "phone") VALUES ('717e578d-7b85-45a2-a56a-8ed083a9b70c', 'Carlos David Arias', 'carlosdavidarias124@gmail.com', '$2b$10$ugdfFqCWvuXhSMKhGCMHMOfEbG3TJQXndUDg3eOm25DwSF3OwPLni', 'CAPITAN', '065bfcc2-308e-4fd4-b0f7-e90d5b8b56bc', 'ACTIVO', '2026-03-20 08:44:18.873196+00', '602431277') ON CONFLICT DO NOTHING;
INSERT INTO users ("id", "name", "email", "password_hash", "role", "team_id", "status", "created_at", "phone") VALUES ('8318b642-2210-4d24-80a4-de52e7e84202', 'Jose Torres', 'torresjo2002@gmail.com', '$2b$10$wKORADmzRtT.4sV/zwM8sONZfalKk/lrtdwvqQ0Pw7sgTX2QR187S', 'CAPITAN', '3504f2dc-9798-4e8f-b754-6568193dffcd', 'ACTIVO', '2026-03-20 12:53:58.870159+00', '624079732') ON CONFLICT DO NOTHING;
INSERT INTO users ("id", "name", "email", "password_hash", "role", "team_id", "status", "created_at", "phone") VALUES ('dd357587-c4e2-431e-9a55-7a0325d6c9d8', 'Alexis ', 'alexisparedesbritos56@gmail.com', '$2b$10$ABiF2XN/EUSzN6f256LAK.Y473piR/DJ0JLPWsBIydiKRIui9hp9a', 'CAPITAN', '35df28de-250d-4623-8437-124cd36679b4', 'ACTIVO', '2026-03-22 22:32:46.734536+00', '634261552') ON CONFLICT DO NOTHING;
INSERT INTO users ("id", "name", "email", "password_hash", "role", "team_id", "status", "created_at", "phone") VALUES ('3832b4c5-e4f0-4ed5-9661-ea487d638d8e', 'Jhonatan alejandro', 'alejandrovillalba0014@gmail.com', '$2b$10$zvXImIi6UDbNiGgQCO2mwOTL8CFglk96xfIiF2vfAA2ohMufc7er.', 'CAPITAN', 'a0b6f286-9313-4773-81b2-55c8b131f22f', 'ACTIVO', '2026-03-30 09:51:38.087431+00', '631241997') ON CONFLICT DO NOTHING;
INSERT INTO users ("id", "name", "email", "password_hash", "role", "team_id", "status", "created_at", "phone") VALUES ('d68fa143-e655-4bb2-8f44-7fbef6f669f2', 'Francisco Javier Cortes', 'adfjavicc@gmail.com', '$2b$10$43WB5l5kzK69fmyfoJLgQe2PhAmvSsuQ2r7oWKKheNFl.Y.vwzBWu', 'ARBITRO', NULL, 'ACTIVO', '2026-03-23 11:42:58.006796+00', '+34665596020') ON CONFLICT DO NOTHING;
INSERT INTO users ("id", "name", "email", "password_hash", "role", "team_id", "status", "created_at", "phone") VALUES ('069d6191-ba75-4291-84bc-8ba9a4af31f2', 'Richard Gonzalo', 'richardtuma19@gmail.com', '$2b$10$.cqLMTtzML4bC.ab4dtK/Oix3SLMkv9dtpHejjmyClb4a897KAr6i', 'CAPITAN', '6259d3d1-9cfe-4c19-8b32-f7e6d1433942', 'ACTIVO', '2026-03-31 08:45:00.948324+00', '642323128') ON CONFLICT DO NOTHING;
INSERT INTO users ("id", "name", "email", "password_hash", "role", "team_id", "status", "created_at", "phone") VALUES ('d04be537-adfa-4eb0-b288-ef8d13e37568', 'Daniel Medina Vargas', 'danielmedinavargas@hotmail.com', '$2b$10$GfUCwoc0JWBovgIzh1JZV.ayxPHaDqaN8/mOVUhzfmMQ1EB.AtveW', 'CAPITAN', '1ebc1b72-055e-4aef-a906-ed0ec11e2840', 'ACTIVO', '2026-04-02 11:27:08.192587+00', '631809655') ON CONFLICT DO NOTHING;
INSERT INTO users ("id", "name", "email", "password_hash", "role", "team_id", "status", "created_at", "phone") VALUES ('59b39d53-da4e-4dcd-8166-4fafb641bec6', 'ale', 'alejandroveragaona2008@gmail.com', '$2b$10$CXNHhsT/fLI/xEQ33GEZiu6MKhJiaOs1sWfHcIt4SwBjZazAw1hR6', 'ADMIN', NULL, 'ACTIVO', '2026-04-02 11:32:06.46067+00', '+34 661658956') ON CONFLICT DO NOTHING;
INSERT INTO users ("id", "name", "email", "password_hash", "role", "team_id", "status", "created_at", "phone") VALUES ('2cf3faf6-c8a8-41cf-88f7-dec1687de700', 'Sebastián Ortega ', '23sebastian.ortega@gmail.com', '$2b$10$AfIkzWfhmyJgK4FFXLvfquMAqcCusWPdDCExzavn6g.WlgYC6Qa6q', 'CAPITAN', '2309b0ff-44cc-4964-b56c-182fe8ebb925', 'ACTIVO', '2026-04-02 22:15:25.960998+00', '600990757') ON CONFLICT DO NOTHING;
INSERT INTO users ("id", "name", "email", "password_hash", "role", "team_id", "status", "created_at", "phone") VALUES ('10e31109-240f-4af8-84d7-6d2fd89673eb', 'Javier', 'rs3603906@gmail.com', '$2b$10$eOm/RuJFTQuxaPS1D4NOFOS7f4ZErxFZeg8VdeJWwTiWecL/lkDJK', 'CAPITAN', NULL, 'ACTIVO', '2026-04-03 14:43:51.42618+00', '+34624970369') ON CONFLICT DO NOTHING;
INSERT INTO users ("id", "name", "email", "password_hash", "role", "team_id", "status", "created_at", "phone") VALUES ('893f7549-ed21-4b6b-b5f4-8b7fbe7239b5', 'Adilson Roldan', 'comcome87@gmail.com', '$2b$10$GSEh0sY1NB3pP9OMdV0T2eoZSVr2j9KOgDiKQ9I5tRcYDqKWW4fx.', 'ARBITRO', NULL, 'ACTIVO', '2026-04-03 18:15:34.841055+00', '+3466107765') ON CONFLICT DO NOTHING;
INSERT INTO users ("id", "name", "email", "password_hash", "role", "team_id", "status", "created_at", "phone") VALUES ('0b805314-0014-4a84-858d-0664b8d66372', 'Sebastián Ortega ', 'mishykt@hotmail.es', '$2b$10$H9z2z7GW9HjKSDXIJEZ1T.0ldGTWzZtDs30PS/yCVMbcwlylykfOi', 'CAPITAN', '3eb77084-054f-4b21-a3e5-13d898d6960b', 'ACTIVO', '2026-04-03 21:54:21.231566+00', '600990757') ON CONFLICT DO NOTHING;
INSERT INTO users ("id", "name", "email", "password_hash", "role", "team_id", "status", "created_at", "phone") VALUES ('c92827ef-fd0e-40fa-93f2-9ee2cc31f7e0', 'Antonio Gutierrez', '34069177belgrano@gmail.com', '$2b$10$tfbKHtLfJhdgep7H6Y0eQO.FD7OANRFOziPOSQvS38460jkeeZfvC', 'CAPITAN', NULL, 'ACTIVO', '2026-04-04 16:35:31.069281+00', '+34617181231') ON CONFLICT DO NOTHING;
INSERT INTO users ("id", "name", "email", "password_hash", "role", "team_id", "status", "created_at", "phone") VALUES ('1cbeade8-e712-486a-ad25-761c07069337', 'David arias ', 'davidariascarlosdamianbeniten@gmail.com', '$2b$10$lBAMOrhhNgtGXi5ssWvRV./5b3mmwT2RKMAeYSr76h0VveqVXcAMO', 'CAPITAN', '065bfcc2-308e-4fd4-b0f7-e90d5b8b56bc', 'ACTIVO', '2026-04-05 13:38:27.533023+00', NULL) ON CONFLICT DO NOTHING;
INSERT INTO users ("id", "name", "email", "password_hash", "role", "team_id", "status", "created_at", "phone") VALUES ('881b9ea8-b0e0-49aa-b7ce-8ac295ee92fc', 'Arnaldo Cabrera', 'cabreraarnaldo832@gmail.com', '$2b$10$qF9zTL2pl13zIo62xMRhxeibznTivohETz5Y47kNcci.o13YgbDUO', 'CAPITAN', NULL, 'ACTIVO', '2026-04-05 16:45:13.577917+00', '602464931') ON CONFLICT DO NOTHING;
INSERT INTO users ("id", "name", "email", "password_hash", "role", "team_id", "status", "created_at", "phone") VALUES ('2b208810-3b5c-4618-9114-e95a5b5586b8', 'Ever Hugo Fariña ', 'hugofarina99@gmail.com', '$2b$10$mtdKjdxTRTWKa4EsEmLD1ui6DXas4Z6jdJ2Om70KUoLMSpi1ce83y', 'CAPITAN', '46517705-b03a-4797-9e01-b23acba49c56', 'ACTIVO', '2026-04-08 08:14:50.846302+00', '642452007') ON CONFLICT DO NOTHING;
INSERT INTO users ("id", "name", "email", "password_hash", "role", "team_id", "status", "created_at", "phone") VALUES ('70d57a75-6f58-4b36-a288-8af3a4e93bc3', 'Fernando ', 'fernando.nbogado@gmail.com', '$2b$10$bRSo5d66/VQIrihNpqr2Wem7IIbEGZHhaspsLw3JdHX0KNYJZpquC', 'CAPITAN', NULL, 'ACTIVO', '2026-04-08 12:40:22.290804+00', '611150364') ON CONFLICT DO NOTHING;
INSERT INTO users ("id", "name", "email", "password_hash", "role", "team_id", "status", "created_at", "phone") VALUES ('e10d919f-f203-4d13-899a-787146bce2c7', 'Ruben ferreira', 'rudafedo14@gmail.com', '$2b$10$oYgkgsP3ksr1Br7tfV2eWu0fm1knMXVWajosCY7vRLsyVYsL7xjy.', 'ARBITRO', NULL, 'ACTIVO', '2026-04-08 18:26:49.818429+00', '+34652615497') ON CONFLICT DO NOTHING;
INSERT INTO users ("id", "name", "email", "password_hash", "role", "team_id", "status", "created_at", "phone") VALUES ('b6268ee7-63d3-4fc5-9fd6-1d51ef64169e', 'Richard Cabral ', 'richard.cabral.758@gmail.com', '$2b$10$TQHMq82iDSS43tZYxImzi.tye1A/ylR9XMEcSfM99T6Qu8RKDwBTK', 'CAPITAN', 'c7052d00-140e-4d8a-ae44-63e8603a5236', 'ACTIVO', '2026-04-08 18:25:00.79587+00', '614495995') ON CONFLICT DO NOTHING;
INSERT INTO users ("id", "name", "email", "password_hash", "role", "team_id", "status", "created_at", "phone") VALUES ('9c4b0e49-7e46-48e8-b491-880890333081', 'Richard Cabral ', 'galeanocamila32@gmail.com', '$2b$10$xBg7XFQ0ripFqaTZpMVt3utnRjVNmiEGGsS04lf1n6bORc28Db/tG', 'CAPITAN', 'c3efc237-51c9-471f-a17d-4f90f1f253af', 'ACTIVO', '2026-04-08 19:08:26.264129+00', '614495995') ON CONFLICT DO NOTHING;

-- ============================================================
-- Tabla: captain_profiles (29 filas)
-- ============================================================
INSERT INTO captain_profiles ("id", "user_id", "full_name", "identification_number", "phone", "email", "address", "emergency_contact", "emergency_phone", "observations", "created_at", "updated_at", "identification_type", "division_id") VALUES ('d4fb4f26-6232-48eb-94bb-8a04c48bd492', 'a248fbb7-f9ed-4626-aab0-a478e1dc8ccf', 'david', 'jskjsjsks ', '682287161', 'sheylagaona312@gmail.com', NULL, NULL, NULL, NULL, '2026-03-04 10:13:26.003254+00', '2026-03-04 10:13:26.003254+00', 'DNI', NULL) ON CONFLICT DO NOTHING;
INSERT INTO captain_profiles ("id", "user_id", "full_name", "identification_number", "phone", "email", "address", "emergency_contact", "emergency_phone", "observations", "created_at", "updated_at", "identification_type", "division_id") VALUES ('c56ca6cd-6f77-4047-81b2-81b2b4ae4988', 'dceb6fcb-3a93-4846-b305-7c7c6a8b8709', 'Eduardo Castillo', 'z34567809c', '+34627867436', 'eduardo.castillo@gruposalus.com.mx', 'CARR CANCUN - TULUM KM 307 MZ 329 LT 9', NULL, NULL, NULL, '2026-03-04 10:38:24.340679+00', '2026-03-04 10:39:07.195473+00', 'NIE', NULL) ON CONFLICT DO NOTHING;
INSERT INTO captain_profiles ("id", "user_id", "full_name", "identification_number", "phone", "email", "address", "emergency_contact", "emergency_phone", "observations", "created_at", "updated_at", "identification_type", "division_id") VALUES ('6db63997-f82e-4f99-a5a6-7e548841cfc2', '26674c0d-f51f-44d3-84b3-8ebc052fdde3', 'Claudia Fajardo', 'z245038M9', '637896456', 'cjfajardo@yahoo.com', NULL, NULL, NULL, NULL, '2026-03-17 17:57:17.429877+00', '2026-03-17 17:57:17.429877+00', 'NIE', NULL) ON CONFLICT DO NOTHING;
INSERT INTO captain_profiles ("id", "user_id", "full_name", "identification_number", "phone", "email", "address", "emergency_contact", "emergency_phone", "observations", "created_at", "updated_at", "identification_type", "division_id") VALUES ('ac06afd3-a47e-4d3f-9d6e-0a2e93d3f6ad', 'fa02b729-5488-4898-8e68-456f1f7c1e48', 'CARLOS FAJARDO', 'z245038M9', '89098765', 'claudia.fajardo@gruposalus.com.mx', NULL, NULL, NULL, NULL, '2026-03-17 18:51:50.068285+00', '2026-03-17 18:51:50.068285+00', 'DNI', NULL) ON CONFLICT DO NOTHING;
INSERT INTO captain_profiles ("id", "user_id", "full_name", "identification_number", "phone", "email", "address", "emergency_contact", "emergency_phone", "observations", "created_at", "updated_at", "identification_type", "division_id") VALUES ('98033127-995d-4c4b-8c76-df98fd52dc81', 'ac8eca36-dd3f-4aab-ba50-653852f29d5f', 'César Francisco ', 'T831664', '642576528', 'cesar99alvarenga@gmail.com', 'Carlos haya ', '643481526', '643481526', 'Nada', '2026-03-17 19:45:42.73942+00', '2026-03-17 19:45:42.73942+00', 'PASAPORTE', NULL) ON CONFLICT DO NOTHING;
INSERT INTO captain_profiles ("id", "user_id", "full_name", "identification_number", "phone", "email", "address", "emergency_contact", "emergency_phone", "observations", "created_at", "updated_at", "identification_type", "division_id") VALUES ('f3d3f756-0916-4fb2-a160-2b3418e960c4', 'edb46209-a717-4a80-aa36-3c01bd331484', 'Miguel Sebastián ramos', 'Y6440841G', '691509073', 'sebas95ramos@gmail.com', 'Calle monda 11', NULL, NULL, NULL, '2026-03-18 21:30:27.399153+00', '2026-03-18 21:30:27.399153+00', 'NIE', NULL) ON CONFLICT DO NOTHING;
INSERT INTO captain_profiles ("id", "user_id", "full_name", "identification_number", "phone", "email", "address", "emergency_contact", "emergency_phone", "observations", "created_at", "updated_at", "identification_type", "division_id") VALUES ('69c3ff10-6108-481e-ba6d-e86e0b7ec570', 'd1acdb9d-3730-4708-a438-16f93708cfed', 'Julio David Franco ', 'A005223', '604176346', 'francojuliodavid78@gmail.com', 'Padre lerchundi 5', NULL, NULL, 'Anotar a mí equipo') ON CONFLICT DO NOTHING;
INSERT INTO captain_profiles ("id", "user_id", "full_name", "identification_number", "phone", "email", "address", "emergency_contact", "emergency_phone", "observations", "created_at", "updated_at", "identification_type", "division_id") VALUES (',2026-03-18 13:10:20.988126+00,2026-03-19 08:17:38.777716+00,PASAPORTE,') ON CONFLICT DO NOTHING;
INSERT INTO captain_profiles ("id", "user_id", "full_name", "identification_number", "phone", "email", "address", "emergency_contact", "emergency_phone", "observations", "created_at", "updated_at", "identification_type", "division_id") VALUES ('3707b217-a43a-4ec3-b24c-63275a75663d', '1acdd179-7fd9-407b-8e84-40a0ef9d86db', 'Eduardo Castillo Munch', 'z34567809c', '+34 627867636', 'ecastm@gmail.com', 'CAMINO DE LA DESVIACION 7 Bloq 3 Apto 1B', NULL, '+34 627867636', NULL, '2026-03-19 13:09:19.050794+00', '2026-03-19 13:09:19.050794+00', 'DNI', NULL) ON CONFLICT DO NOTHING;
INSERT INTO captain_profiles ("id", "user_id", "full_name", "identification_number", "phone", "email", "address", "emergency_contact", "emergency_phone", "observations", "created_at", "updated_at", "identification_type", "division_id") VALUES ('1ba223a2-b33b-49a9-8c1f-5fbd8f2e4d56', '717e578d-7b85-45a2-a56a-8ed083a9b70c', 'Carlos David Arias', 'T 794935', '603431277', 'carlosdavidarias124@gmail.com', 'Héroe de sotoa 73', '143', NULL, NULL, '2026-03-20 08:48:32.607274+00', '2026-03-20 08:48:32.607274+00', 'PASAPORTE', NULL) ON CONFLICT DO NOTHING;
INSERT INTO captain_profiles ("id", "user_id", "full_name", "identification_number", "phone", "email", "address", "emergency_contact", "emergency_phone", "observations", "created_at", "updated_at", "identification_type", "division_id") VALUES ('be4fa60a-7e4e-4981-9586-178444bdfb70', '8318b642-2210-4d24-80a4-de52e7e84202', 'Jose Torres', 'A036410', '624079732', 'torresjo2002@gmail.com', NULL, NULL, NULL, NULL, '2026-03-20 12:54:40.454825+00', '2026-03-20 12:54:40.454825+00', 'PASAPORTE', NULL) ON CONFLICT DO NOTHING;
INSERT INTO captain_profiles ("id", "user_id", "full_name", "identification_number", "phone", "email", "address", "emergency_contact", "emergency_phone", "observations", "created_at", "updated_at", "identification_type", "division_id") VALUES ('7bf7ba96-002d-4a44-bc8c-af315654929a', '99365d73-c10e-461e-9362-b04c6ed3b175', 'Nestor Fabian Benitez', '77956889E', '603446106', 'winey7911@gmail.com', 'Calle almeria 57', NULL, NULL, NULL, '2026-03-20 21:02:22.975247+00', '2026-03-20 21:02:22.975247+00', 'DNI', NULL) ON CONFLICT DO NOTHING;
INSERT INTO captain_profiles ("id", "user_id", "full_name", "identification_number", "phone", "email", "address", "emergency_contact", "emergency_phone", "observations", "created_at", "updated_at", "identification_type", "division_id") VALUES ('86c6847f-6c7b-499a-8060-52bad2eb19e6', 'dd357587-c4e2-431e-9a55-7a0325d6c9d8', 'Alexis ', 'Z3435890V', '634261552', 'alexisparedesbritos56@gmail.com', 'Callé Concejal pedro Ruz García ', NULL, NULL, NULL, '2026-03-22 22:33:51.791469+00', '2026-03-22 22:33:51.791469+00', 'NIE', NULL) ON CONFLICT DO NOTHING;
INSERT INTO captain_profiles ("id", "user_id", "full_name", "identification_number", "phone", "email", "address", "emergency_contact", "emergency_phone", "observations", "created_at", "updated_at", "identification_type", "division_id") VALUES ('c7899fc8-6b9d-45f3-abbd-7fef045aa1e2', '7acf2739-1e28-411a-a8ab-d04f974030c5', 'Lorenzo Augusto Ocampos Macchi', 'Y8498512A', '631770002', 'ocamposlorenzo998@gmail.com', 'Calle Marmoles 39', 'Sonia Bernal ', '632363676', NULL, '2026-03-18 17:27:24.215041+00', '2026-03-23 12:22:45.765588+00', 'NIE', NULL) ON CONFLICT DO NOTHING;
INSERT INTO captain_profiles ("id", "user_id", "full_name", "identification_number", "phone", "email", "address", "emergency_contact", "emergency_phone", "observations", "created_at", "updated_at", "identification_type", "division_id") VALUES ('b18718b8-d77e-41b4-83ca-121f67e78e40', '49922ee1-6306-48f3-abcb-de8026c6ce59', 'eduardo castilllo', 'z2450398y', '62787655', 'ecastm2@yahoo.com', NULL, NULL, NULL, NULL, '2026-03-24 10:50:20.522233+00', '2026-03-24 10:50:20.522233+00', 'DNI', NULL) ON CONFLICT DO NOTHING;
INSERT INTO captain_profiles ("id", "user_id", "full_name", "identification_number", "phone", "email", "address", "emergency_contact", "emergency_phone", "observations", "created_at", "updated_at", "identification_type", "division_id") VALUES ('3bc323a0-e00b-4dab-912d-d8039a4258b0', '3832b4c5-e4f0-4ed5-9661-ea487d638d8e', 'Jhonatan alejandro', 'C311534', '631241997', 'alejandrovillalba0014@gmail.com', 'Calle san patrio 8', NULL, NULL, NULL, '2026-03-30 09:52:46.9932+00', '2026-03-30 09:52:46.9932+00', 'PASAPORTE', NULL) ON CONFLICT DO NOTHING;
INSERT INTO captain_profiles ("id", "user_id", "full_name", "identification_number", "phone", "email", "address", "emergency_contact", "emergency_phone", "observations", "created_at", "updated_at", "identification_type", "division_id") VALUES ('9183576f-7767-4943-b3ed-71f671f17fef', '069d6191-ba75-4291-84bc-8ba9a4af31f2', 'Gonzalo Tuma Ramírez ', 'Y2577445x c', '642323128', 'richardtuma19@gmail.com', 'Calle Pelayo 14', '642323187', '642323187', 'Campeón ', '2026-03-31 08:48:59.36108+00', '2026-03-31 08:48:59.36108+00', 'DNI', NULL) ON CONFLICT DO NOTHING;
INSERT INTO captain_profiles ("id", "user_id", "full_name", "identification_number", "phone", "email", "address", "emergency_contact", "emergency_phone", "observations", "created_at", "updated_at", "identification_type", "division_id") VALUES ('e33565bb-650b-4f2e-8499-af82d19c27c2', 'd04be537-adfa-4eb0-b288-ef8d13e37568', 'Daniel Medina Vargas', '33008407A', '631809655', 'danielmedinavargas@hotmail.com', '29751', NULL, NULL, NULL, '2026-04-02 11:28:17.783296+00', '2026-04-02 11:28:17.783296+00', 'DNI', NULL) ON CONFLICT DO NOTHING;
INSERT INTO captain_profiles ("id", "user_id", "full_name", "identification_number", "phone", "email", "address", "emergency_contact", "emergency_phone", "observations", "created_at", "updated_at", "identification_type", "division_id") VALUES ('0e6675c6-4f73-4b82-9ff6-59428bff9bf4', '59b39d53-da4e-4dcd-8166-4fafb641bec6', 'alejandro vera gaona', '77238190G', '661658956', 'alejandroveragaona2008@gmail.com', 'albaro de luna 15', '661658956', '661658956', NULL, '2026-04-02 11:34:28.035224+00', '2026-04-02 11:34:28.035224+00', 'DNI', NULL) ON CONFLICT DO NOTHING;
INSERT INTO captain_profiles ("id", "user_id", "full_name", "identification_number", "phone", "email", "address", "emergency_contact", "emergency_phone", "observations", "created_at", "updated_at", "identification_type", "division_id") VALUES ('b5d71848-3341-4777-8050-b292d70791e4', '2cf3faf6-c8a8-41cf-88f7-dec1687de700', 'Sebastián Ortega ', 'Sebas2308', '600990757', '23sebastian.ortega@gmail.com', 'Av conde de San Isidro 18 2b', NULL, NULL, NULL, '2026-04-02 22:59:01.828552+00', '2026-04-02 22:59:01.828552+00', 'NIE', NULL) ON CONFLICT DO NOTHING;
INSERT INTO captain_profiles ("id", "user_id", "full_name", "identification_number", "phone", "email", "address", "emergency_contact", "emergency_phone", "observations", "created_at", "updated_at", "identification_type", "division_id") VALUES ('7b2f2fd0-a64d-4369-a5a7-4deae5666487', '0b805314-0014-4a84-858d-0664b8d66372', 'Sebastián Ortega ', 'Y1876336x ', '600990757', 'mishykt@hotmail.es', 'Av conde de San Isidro 18 2b', NULL, NULL, NULL, '2026-04-03 21:56:45.910991+00', '2026-04-03 21:56:45.910991+00', 'NIE', NULL) ON CONFLICT DO NOTHING;
INSERT INTO captain_profiles ("id", "user_id", "full_name", "identification_number", "phone", "email", "address", "emergency_contact", "emergency_phone", "observations", "created_at", "updated_at", "identification_type", "division_id") VALUES ('46319afe-883b-4dff-9fba-8cdbfdce9588', 'c92827ef-fd0e-40fa-93f2-9ee2cc31f7e0', 'Antonio Gutierrez', 'Y8107068L', '617181231', '34069177belgrano@gmail.com', 'Calle Virgen De La Concepción 2', '617181231', NULL, NULL, '2026-04-04 16:36:12.444689+00', '2026-04-04 16:36:12.444689+00', 'DNI', NULL) ON CONFLICT DO NOTHING;
INSERT INTO captain_profiles ("id", "user_id", "full_name", "identification_number", "phone", "email", "address", "emergency_contact", "emergency_phone", "observations", "created_at", "updated_at", "identification_type", "division_id") VALUES ('b4082d13-d6fe-4613-86ee-b084f0c63baf', '1cbeade8-e712-486a-ad25-761c07069337', 'David Arias', 'Z43833952L', '602431277', 'davidariascarlosdamianbeniten@gmail.com', NULL, NULL, NULL, NULL, '2026-04-05 13:42:45.69454+00', '2026-04-05 13:42:45.69454+00', 'PASAPORTE', NULL) ON CONFLICT DO NOTHING;
INSERT INTO captain_profiles ("id", "user_id", "full_name", "identification_number", "phone", "email", "address", "emergency_contact", "emergency_phone", "observations", "created_at", "updated_at", "identification_type", "division_id") VALUES ('7c69cabb-04a9-4e88-8225-248d409b2a28', '881b9ea8-b0e0-49aa-b7ce-8ac295ee92fc', 'Arnaldo', 'Z1014024m', '602464931', 'ArnaldoRoman02@gmail.com', NULL, NULL, NULL, NULL, '2026-04-05 16:45:56.407952+00', '2026-04-05 16:45:56.407952+00', 'DNI', NULL) ON CONFLICT DO NOTHING;
INSERT INTO captain_profiles ("id", "user_id", "full_name", "identification_number", "phone", "email", "address", "emergency_contact", "emergency_phone", "observations", "created_at", "updated_at", "identification_type", "division_id") VALUES ('37e528e4-b46a-43d1-be0b-febcfd784d00', '920718d1-51ed-465c-857b-6dadd0bf3c2f', 'Marcelo Santacruz Cardozo', 'Z0535609J', '632746505', 'marcelitosantacruzcardozo.91@gmail.com', 'Calle Ronda 26', NULL, NULL, NULL, '2026-04-07 14:06:38.999451+00', '2026-04-07 14:06:38.999451+00', 'NIE', NULL) ON CONFLICT DO NOTHING;
INSERT INTO captain_profiles ("id", "user_id", "full_name", "identification_number", "phone", "email", "address", "emergency_contact", "emergency_phone", "observations", "created_at", "updated_at", "identification_type", "division_id") VALUES ('076494cb-d65d-4de8-87e1-8d740244b4ed', '2b208810-3b5c-4618-9114-e95a5b5586b8', 'Hugo Farina', 'Y6266464J', '642452007', 'hugofarina99@gmail.com', 'Saladero viejo ', '642452007', '642452007', 'Albiroja Torre - Vélez ', '2026-04-08 08:18:11.656232+00', '2026-04-08 08:18:11.656232+00', 'NIE', NULL) ON CONFLICT DO NOTHING;
INSERT INTO captain_profiles ("id", "user_id", "full_name", "identification_number", "phone", "email", "address", "emergency_contact", "emergency_phone", "observations", "created_at", "updated_at", "identification_type", "division_id") VALUES ('3ea0d749-3d99-48c9-905d-3d4cb3460656', '70d57a75-6f58-4b36-a288-8af3a4e93bc3', 'Fernando', '60655829E', '611150364', 'fernando.nbogado@gmail.com', NULL, NULL, NULL, NULL, '2026-04-08 12:41:16.435585+00', '2026-04-08 12:41:16.435585+00', 'DNI', NULL) ON CONFLICT DO NOTHING;
INSERT INTO captain_profiles ("id", "user_id", "full_name", "identification_number", "phone", "email", "address", "emergency_contact", "emergency_phone", "observations", "created_at", "updated_at", "identification_type", "division_id") VALUES ('52cfd60b-1fab-41ad-9890-450136d145ac', 'b6268ee7-63d3-4fc5-9fd6-1d51ef64169e', 'Richard Cabral', 'A105339', '614 49 59 95 ', 'richard.cabral.758@gmail.com', 'Avenida Nuestra Señora de las Guías 9', NULL, NULL, NULL, '2026-04-08 18:27:06.786302+00', '2026-04-08 18:27:06.786302+00', 'PASAPORTE', NULL) ON CONFLICT DO NOTHING;
INSERT INTO captain_profiles ("id", "user_id", "full_name", "identification_number", "phone", "email", "address", "emergency_contact", "emergency_phone", "observations", "created_at", "updated_at", "identification_type", "division_id") VALUES ('b44ddbef-9721-43f6-9275-429d43c4fbb4', '9c4b0e49-7e46-48e8-b491-880890333081', 'Richard Cabral ', 'A105339', '614 49 59 95 ', 'galeanocamila32@gmail.com', 'Avenida Nuestra Señora de las Guías 9', NULL, NULL, NULL, '2026-04-08 19:10:04.723494+00', '2026-04-08 19:10:04.723494+00', 'PASAPORTE', NULL) ON CONFLICT DO NOTHING;

-- ============================================================
-- Tabla: referee_profiles (6 filas)
-- ============================================================
INSERT INTO referee_profiles ("id", "user_id", "full_name", "identification_number", "phone", "email", "association", "years_of_experience", "observations", "status", "created_at", "updated_at", "identification_type") VALUES ('f63fda71-ad1e-4bc0-8691-325ab7ad2089', '587f05d4-2d16-4abc-809b-ec65625844ab', 'Pedro Gómez', '02562521m', '691809799', 'arbitro2@liga.com', NULL, '0', NULL, 'ACTIVO', '2026-03-03 11:00:44.482073+00', '2026-03-03 11:00:44.482073+00', 'DNI') ON CONFLICT DO NOTHING;
INSERT INTO referee_profiles ("id", "user_id", "full_name", "identification_number", "phone", "email", "association", "years_of_experience", "observations", "status", "created_at", "updated_at", "identification_type") VALUES ('07e9c33a-012a-4cfd-bd20-8618f32e1649', 'd7d5cdac-88d7-4192-a4c3-81e8ad694107', 'Hernando Pineda', 'y65454369', '657839309', 'ecastm@gmail.com', NULL, '5', NULL, 'ACTIVO', '2026-03-17 18:57:07.148355+00', '2026-03-17 18:57:07.148355+00', 'DNI') ON CONFLICT DO NOTHING;
INSERT INTO referee_profiles ("id", "user_id", "full_name", "identification_number", "phone", "email", "association", "years_of_experience", "observations", "status", "created_at", "updated_at", "identification_type") VALUES ('aca16e00-8839-4feb-9518-c687dd93776a', 'd064eb1c-fae8-4b88-ba7f-64d42a3405c4', 'José Heredia ', '77234860d', '671255726', 'Athenea.neymar@gmail.com', NULL, '0', NULL, 'ACTIVO', '2026-03-17 19:37:35.996216+00', '2026-03-17 19:37:35.996216+00', 'DNI') ON CONFLICT DO NOTHING;
INSERT INTO referee_profiles ("id", "user_id", "full_name", "identification_number", "phone", "email", "association", "years_of_experience", "observations", "status", "created_at", "updated_at", "identification_type") VALUES ('33accad3-58a0-4fbc-97a7-3cb1772f3853', 'd68fa143-e655-4bb2-8f44-7fbef6f669f2', 'Francisco Javier Cortes', '26819783N', '665586020', 'adfjavicc@gmail.com', 'Naturaleza y Deporte / Benalmádena, FERE etc...', '10', NULL, 'ACTIVO', '2026-03-23 11:44:35.900578+00', '2026-03-23 11:44:35.900578+00', 'DNI') ON CONFLICT DO NOTHING;
INSERT INTO referee_profiles ("id", "user_id", "full_name", "identification_number", "phone", "email", "association", "years_of_experience", "observations", "status", "created_at", "updated_at", "identification_type") VALUES ('62f29d4f-4e24-4cc0-850f-bb832e902f9c', '893f7549-ed21-4b6b-b5f4-8b7fbe7239b5', 'Adilson Roldan', 'A141775', '+3466107765', 'comcome87@gmail.com', 'Málaga ', '9', 'Excelente ', 'ACTIVO', '2026-04-03 18:17:20.972292+00', '2026-04-03 18:17:20.972292+00', 'PASAPORTE') ON CONFLICT DO NOTHING;
INSERT INTO referee_profiles ("id", "user_id", "full_name", "identification_number", "phone", "email", "association", "years_of_experience", "observations", "status", "created_at", "updated_at", "identification_type") VALUES ('93812308-9051-472d-bd43-c5ff98df64e3', 'e10d919f-f203-4d13-899a-787146bce2c7', 'Ruben ferreira', 'Y8572651J', '+34652615497', 'rudafedo14@gmail.com', NULL, '0', NULL, 'ACTIVO', '2026-04-08 18:31:55.126353+00', '2026-04-08 18:31:55.126353+00', 'NIE') ON CONFLICT DO NOTHING;

-- ============================================================
-- Tabla: teams (30 filas)
-- ============================================================
INSERT INTO teams ("id", "tournament_id", "division_id", "name", "colors", "home_field", "logo_url", "captain_user_id", "coach_name", "instagram_url") VALUES ('0de56b98-1b8a-4dfd-977e-f9939f822c3a', '86a7dc6c-f590-49f0-abb1-7f3c0dffe62d', 'e22ae070-36b7-4591-950e-f0216b8a7bb2', 'Atlético Fernandito ', 'Azul Rojo ', 'Portada alta', NULL, 'ac8eca36-dd3f-4aab-ba50-653852f29d5f', NULL, NULL) ON CONFLICT DO NOTHING;
INSERT INTO teams ("id", "tournament_id", "division_id", "name", "colors", "home_field", "logo_url", "captain_user_id", "coach_name", "instagram_url") VALUES ('9b66d7b0-3e3b-4a62-82a7-4f1b6258fff8', '86a7dc6c-f590-49f0-abb1-7f3c0dffe62d', 'e22ae070-36b7-4591-950e-f0216b8a7bb2', 'Sport Tobati ', 'Por definir ', 'Teatinos ', NULL, NULL, NULL, NULL) ON CONFLICT DO NOTHING;
INSERT INTO teams ("id", "tournament_id", "division_id", "name", "colors", "home_field", "logo_url", "captain_user_id", "coach_name", "instagram_url") VALUES ('09eb731f-aaf8-47be-ab4f-0bfb3e274d93', '86a7dc6c-f590-49f0-abb1-7f3c0dffe62d', 'e22ae070-36b7-4591-950e-f0216b8a7bb2', 'Rejunte Libre', 'Por definir ', 'Teatinos ', NULL, NULL, NULL, NULL) ON CONFLICT DO NOTHING;
INSERT INTO teams ("id", "tournament_id", "division_id", "name", "colors", "home_field", "logo_url", "captain_user_id", "coach_name", "instagram_url") VALUES ('5a25b09d-a8de-4532-87dd-0c330cc7b3f7', '86a7dc6c-f590-49f0-abb1-7f3c0dffe62d', '2cec8476-a224-41d5-b597-388fc05c2c75', 'Paraguay F.C.', 'Por definir ', 'Teatinos ', NULL, NULL, NULL, NULL) ON CONFLICT DO NOTHING;
INSERT INTO teams ("id", "tournament_id", "division_id", "name", "colors", "home_field", "logo_url", "captain_user_id", "coach_name", "instagram_url") VALUES ('77312cc6-cd3e-4736-8af3-b34f2a2bc0c1', NULL, NULL, 'Fénix FC', 'Rojo negro', 'Teatino', NULL, 'edb46209-a717-4a80-aa36-3c01bd331484', NULL, NULL) ON CONFLICT DO NOTHING;
INSERT INTO teams ("id", "tournament_id", "division_id", "name", "colors", "home_field", "logo_url", "captain_user_id", "coach_name", "instagram_url") VALUES ('83a1ae9f-d6ff-46c0-9d87-fe384f40e20e', '86a7dc6c-f590-49f0-abb1-7f3c0dffe62d', '2cec8476-a224-41d5-b597-388fc05c2c75', 'Millonarios ', 'Por definir ', 'Teatinos ', NULL, NULL, NULL, NULL) ON CONFLICT DO NOTHING;
INSERT INTO teams ("id", "tournament_id", "division_id", "name", "colors", "home_field", "logo_url", "captain_user_id", "coach_name", "instagram_url") VALUES ('011bbdb9-1e88-495c-97cc-eddb51427c51', '86a7dc6c-f590-49f0-abb1-7f3c0dffe62d', 'e22ae070-36b7-4591-950e-f0216b8a7bb2', 'C.F.C Jr.', 'Rojo', 'Teatinos', NULL, NULL, NULL, NULL) ON CONFLICT DO NOTHING;
INSERT INTO teams ("id", "tournament_id", "division_id", "name", "colors", "home_field", "logo_url", "captain_user_id", "coach_name", "instagram_url") VALUES ('96c15e2e-6ead-444a-8bd0-6ffd12d7d5d1', '86a7dc6c-f590-49f0-abb1-7f3c0dffe62d', 'e22ae070-36b7-4591-950e-f0216b8a7bb2', 'Malaga', 'Rojo', 'Teatinos', NULL, NULL, NULL, NULL) ON CONFLICT DO NOTHING;
INSERT INTO teams ("id", "tournament_id", "division_id", "name", "colors", "home_field", "logo_url", "captain_user_id", "coach_name", "instagram_url") VALUES ('a0b6f286-9313-4773-81b2-55c8b131f22f', '86a7dc6c-f590-49f0-abb1-7f3c0dffe62d', 'e22ae070-36b7-4591-950e-f0216b8a7bb2', 'Millonarios', 'Negro y rojo', 'Teatinos', '/objects/uploads/05af6cb3-3aa2-4a49-afed-e276f84eb6e5', '3832b4c5-e4f0-4ed5-9661-ea487d638d8e', NULL, NULL) ON CONFLICT DO NOTHING;
INSERT INTO teams ("id", "tournament_id", "division_id", "name", "colors", "home_field", "logo_url", "captain_user_id", "coach_name", "instagram_url") VALUES ('6259d3d1-9cfe-4c19-8b32-f7e6d1433942', '86a7dc6c-f590-49f0-abb1-7f3c0dffe62d', '2cec8476-a224-41d5-b597-388fc05c2c75', 'Sport tío oscar ', 'Negro y amarillo ', 'Portada Alta ', '/objects/uploads/0050febc-0a92-440e-9bda-2b1df411e42b', '069d6191-ba75-4291-84bc-8ba9a4af31f2', NULL, NULL) ON CONFLICT DO NOTHING;
INSERT INTO teams ("id", "tournament_id", "division_id", "name", "colors", "home_field", "logo_url", "captain_user_id", "coach_name", "instagram_url") VALUES ('1e025a1f-50dd-48ab-9e77-86c310359a18', '86a7dc6c-f590-49f0-abb1-7f3c0dffe62d', 'e22ae070-36b7-4591-950e-f0216b8a7bb2', 'Fuengirola Libre ', 'Verde y blanco ', 'Teatinos ', NULL, NULL, NULL, NULL) ON CONFLICT DO NOTHING;
INSERT INTO teams ("id", "tournament_id", "division_id", "name", "colors", "home_field", "logo_url", "captain_user_id", "coach_name", "instagram_url") VALUES ('8615f2fc-0ef4-4b80-8887-1123d3890762', '86a7dc6c-f590-49f0-abb1-7f3c0dffe62d', 'e22ae070-36b7-4591-950e-f0216b8a7bb2', 'Millonarios ', 'Rojo y negro', 'Teatinos', NULL, NULL, NULL, NULL) ON CONFLICT DO NOTHING;
INSERT INTO teams ("id", "tournament_id", "division_id", "name", "colors", "home_field", "logo_url", "captain_user_id", "coach_name", "instagram_url") VALUES ('065bfcc2-308e-4fd4-b0f7-e90d5b8b56bc', '86a7dc6c-f590-49f0-abb1-7f3c0dffe62d', 'e22ae070-36b7-4591-950e-f0216b8a7bb2', 'BayerN munchen', 'Rojo y blanco', 'Teatino', '/objects/uploads/492eb646-8e41-4c8c-92d3-eb13e87e1bbf', '717e578d-7b85-45a2-a56a-8ed083a9b70c', NULL, NULL) ON CONFLICT DO NOTHING;
INSERT INTO teams ("id", "tournament_id", "division_id", "name", "colors", "home_field", "logo_url", "captain_user_id", "coach_name", "instagram_url") VALUES ('f97ec679-d83d-456e-87dd-c20b806bd710', '86a7dc6c-f590-49f0-abb1-7f3c0dffe62d', '2cec8476-a224-41d5-b597-388fc05c2c75', 'Santo Domingo ', 'Blanco y azul', 'Teatinos', NULL, NULL, NULL, NULL) ON CONFLICT DO NOTHING;
INSERT INTO teams ("id", "tournament_id", "division_id", "name", "colors", "home_field", "logo_url", "captain_user_id", "coach_name", "instagram_url") VALUES ('1ebc1b72-055e-4aef-a906-ed0ec11e2840', '86a7dc6c-f590-49f0-abb1-7f3c0dffe62d', 'e22ae070-36b7-4591-950e-f0216b8a7bb2', 'Albiroja', 'Rojo y blanco ', 'P', NULL, 'd04be537-adfa-4eb0-b288-ef8d13e37568', NULL, NULL) ON CONFLICT DO NOTHING;
INSERT INTO teams ("id", "tournament_id", "division_id", "name", "colors", "home_field", "logo_url", "captain_user_id", "coach_name", "instagram_url") VALUES ('35df28de-250d-4623-8437-124cd36679b4', '86a7dc6c-f590-49f0-abb1-7f3c0dffe62d', '2cec8476-a224-41d5-b597-388fc05c2c75', 'Sto. Domingo', 'Azul Blanco', 'Campo1', '/objects/uploads/db387a9a-c0ad-4fb3-8bb6-1e626e0e6967', 'dd357587-c4e2-431e-9a55-7a0325d6c9d8', NULL, NULL) ON CONFLICT DO NOTHING;
INSERT INTO teams ("id", "tournament_id", "division_id", "name", "colors", "home_field", "logo_url", "captain_user_id", "coach_name", "instagram_url") VALUES ('34c51dc3-f3ab-4d18-adad-970db3a37784', '86a7dc6c-f590-49f0-abb1-7f3c0dffe62d', '2cec8476-a224-41d5-b597-388fc05c2c75', 'El Palo FC +30', 'Verde  Blanco', 'Teatinos', '/objects/uploads/85c916b9-452a-4b32-8cc9-8ad17e7a1eec', NULL, NULL, 'Elpalofc_79') ON CONFLICT DO NOTHING;
INSERT INTO teams ("id", "tournament_id", "division_id", "name", "colors", "home_field", "logo_url", "captain_user_id", "coach_name", "instagram_url") VALUES ('7ad8ae90-c788-41b1-87e3-7b8b8cf95c97', '86a7dc6c-f590-49f0-abb1-7f3c0dffe62d', '2cec8476-a224-41d5-b597-388fc05c2c75', 'Rejunte +30', 'Por definir ', 'Teatinos ', NULL, NULL, NULL, NULL) ON CONFLICT DO NOTHING;
INSERT INTO teams ("id", "tournament_id", "division_id", "name", "colors", "home_field", "logo_url", "captain_user_id", "coach_name", "instagram_url") VALUES ('2e23f2d6-4042-4a94-9ebb-13069e23fc1c', '86a7dc6c-f590-49f0-abb1-7f3c0dffe62d', 'e22ae070-36b7-4591-950e-f0216b8a7bb2', 'Tobati FC', 'Blanco, celeste y negro', 'Teatinos', '/objects/uploads/517c6807-f56b-4ba9-a84e-c5dbc54c7994', '7acf2739-1e28-411a-a8ab-d04f974030c5', NULL, 'tobati_fc') ON CONFLICT DO NOTHING;
INSERT INTO teams ("id", "tournament_id", "division_id", "name", "colors", "home_field", "logo_url", "captain_user_id", "coach_name", "instagram_url") VALUES ('3504f2dc-9798-4e8f-b754-6568193dffcd', '86a7dc6c-f590-49f0-abb1-7f3c0dffe62d', 'e22ae070-36b7-4591-950e-f0216b8a7bb2', 'Sport Tobati', 'Verde y Blanco ', 'Teatinos ', '/objects/uploads/e7c5bee6-dbc7-45a6-9815-6ebe85a4a2ee', '8318b642-2210-4d24-80a4-de52e7e84202', NULL, 'https://www.instagram.com/sport_tobatimlg?igsh=MTdxMG1oYTM0MGt3cg==') ON CONFLICT DO NOTHING;
INSERT INTO teams ("id", "tournament_id", "division_id", "name", "colors", "home_field", "logo_url", "captain_user_id", "coach_name", "instagram_url") VALUES ('2309b0ff-44cc-4964-b56c-182fe8ebb925', '86a7dc6c-f590-49f0-abb1-7f3c0dffe62d', '2cec8476-a224-41d5-b597-388fc05c2c75', 'Fuengirola', 'Blanco y azul ', NULL, '/objects/uploads/aacf1776-7fbc-4267-938c-bd2a44117744', '2cf3faf6-c8a8-41cf-88f7-dec1687de700', NULL, NULL) ON CONFLICT DO NOTHING;
INSERT INTO teams ("id", "tournament_id", "division_id", "name", "colors", "home_field", "logo_url", "captain_user_id", "coach_name", "instagram_url") VALUES ('877bccca-879f-4579-8ca3-37ed944e9df7', '86a7dc6c-f590-49f0-abb1-7f3c0dffe62d', '2cec8476-a224-41d5-b597-388fc05c2c75', 'Albirroja +30', 'Blanco rojo y azul ', 'Teatinos ', NULL, NULL, 'Daniel ', NULL) ON CONFLICT DO NOTHING;
INSERT INTO teams ("id", "tournament_id", "division_id", "name", "colors", "home_field", "logo_url", "captain_user_id", "coach_name", "instagram_url") VALUES ('04732c98-32ba-4998-a96d-71d9b2891e83', '86a7dc6c-f590-49f0-abb1-7f3c0dffe62d', 'dd036abe-f19c-4a6f-8fe2-231aa5582882', 'Fuengirola +30', 'Por definir ', 'Teatinos ', NULL, NULL, 'Sebastián ', NULL) ON CONFLICT DO NOTHING;
INSERT INTO teams ("id", "tournament_id", "division_id", "name", "colors", "home_field", "logo_url", "captain_user_id", "coach_name", "instagram_url") VALUES ('91cf16fd-0336-4df0-a15a-25e820eed7b5', '86a7dc6c-f590-49f0-abb1-7f3c0dffe62d', 'e22ae070-36b7-4591-950e-f0216b8a7bb2', 'El Palo FC ', 'Verde y blanco ', 'Jose gallardo ', '/objects/uploads/aa7f6ff8-0d9d-4bcf-a7f0-f6273aa61e3b', 'd1acdb9d-3730-4708-a438-16f93708cfed', NULL, NULL) ON CONFLICT DO NOTHING;
INSERT INTO teams ("id", "tournament_id", "division_id", "name", "colors", "home_field", "logo_url", "captain_user_id", "coach_name", "instagram_url") VALUES ('6dc24c30-97fe-410a-8bf4-f096507da76c', '86a7dc6c-f590-49f0-abb1-7f3c0dffe62d', 'e22ae070-36b7-4591-950e-f0216b8a7bb2', 'Fénix F.C.', 'Por definir ', 'Portada alta', '/objects/uploads/db1475a0-05a4-4195-acbe-ee11d22f2ff4', NULL, NULL, NULL) ON CONFLICT DO NOTHING;
INSERT INTO teams ("id", "tournament_id", "division_id", "name", "colors", "home_field", "logo_url", "captain_user_id", "coach_name", "instagram_url") VALUES ('3b3a1ee1-50b7-4cef-8f52-0ab7344ed096', '86a7dc6c-f590-49f0-abb1-7f3c0dffe62d', '2cec8476-a224-41d5-b597-388fc05c2c75', 'C.F.C', 'Azul oscuro', NULL, NULL, NULL, NULL, NULL) ON CONFLICT DO NOTHING;
INSERT INTO teams ("id", "tournament_id", "division_id", "name", "colors", "home_field", "logo_url", "captain_user_id", "coach_name", "instagram_url") VALUES ('3eb77084-054f-4b21-a3e5-13d898d6960b', '86a7dc6c-f590-49f0-abb1-7f3c0dffe62d', 'e22ae070-36b7-4591-950e-f0216b8a7bb2', 'Fuengirola libre', 'Blanco y azul ', NULL, '/objects/uploads/2ece220b-dab4-4ac0-a76a-2e664c02478f', '0b805314-0014-4a84-858d-0664b8d66372', NULL, NULL) ON CONFLICT DO NOTHING;
INSERT INTO teams ("id", "tournament_id", "division_id", "name", "colors", "home_field", "logo_url", "captain_user_id", "coach_name", "instagram_url") VALUES ('c3efc237-51c9-471f-a17d-4f90f1f253af', '86a7dc6c-f590-49f0-abb1-7f3c0dffe62d', '2cec8476-a224-41d5-b597-388fc05c2c75', 'CFC', 'Azul', 'José Gallardo', '/objects/uploads/c4dd1bb5-d2b5-4717-bc03-b22f9545f104', '9c4b0e49-7e46-48e8-b491-880890333081', NULL, 'https://www.instagram.com/cfc.malaga.es?igsh=MWZvNjZheDBmYzFl') ON CONFLICT DO NOTHING;
INSERT INTO teams ("id", "tournament_id", "division_id", "name", "colors", "home_field", "logo_url", "captain_user_id", "coach_name", "instagram_url") VALUES ('46517705-b03a-4797-9e01-b23acba49c56', '86a7dc6c-f590-49f0-abb1-7f3c0dffe62d', 'e22ae070-36b7-4591-950e-f0216b8a7bb2', 'Albiroja Torre - Vélez ', 'Rojo blanco ', 'Teatinos ', '/objects/uploads/9d907e7c-880b-49b4-8bda-2c17308fb9f0', '2b208810-3b5c-4618-9114-e95a5b5586b8', NULL, 'Albiroja Torre ') ON CONFLICT DO NOTHING;
INSERT INTO teams ("id", "tournament_id", "division_id", "name", "colors", "home_field", "logo_url", "captain_user_id", "coach_name", "instagram_url") VALUES ('c7052d00-140e-4d8a-ae44-63e8603a5236', '86a7dc6c-f590-49f0-abb1-7f3c0dffe62d', 'e22ae070-36b7-4591-950e-f0216b8a7bb2', 'CFC Jrs', 'Rojo', 'José Gallardo', '/objects/uploads/2b474337-54c4-426b-b949-8e4f78a185c7', 'b6268ee7-63d3-4fc5-9fd6-1d51ef64169e', NULL, 'https://www.instagram.com/cfc.malaga.es?igsh=MWZvNjZheDBmYzFl') ON CONFLICT DO NOTHING;

-- ============================================================
-- Tabla: players (150 filas)
-- ============================================================
INSERT INTO players ("id", "team_id", "first_name", "last_name", "jersey_number", "position", "identification_id", "photo_urls", "is_federated", "federation_id", "active", "identification_type") VALUES ('3cc802b2-6eca-4a91-8818-d4f223ace4ba', '065bfcc2-308e-4fd4-b0f7-e90d5b8b56bc', 'Carlos David', 'Arias', '1', 'Arquero', 'T 794935', '{/objects/uploads/1b9ff8f6-984a-448f-a512-727c4e172d62}', 'f', NULL, 't', 'PASAPORTE') ON CONFLICT DO NOTHING;
INSERT INTO players ("id", "team_id", "first_name", "last_name", "jersey_number", "position", "identification_id", "photo_urls", "is_federated", "federation_id", "active", "identification_type") VALUES ('8a574fcf-9b93-4192-bed1-6dba261a0dff', '34c51dc3-f3ab-4d18-adad-970db3a37784', 'Luis Alejandro', 'Almada Godoy', '3', 'Central', 'Z0506925X', '{/objects/uploads/66e1550a-1bd2-4e7a-9275-9b850b041446}', 'f', NULL, 't', 'NIE') ON CONFLICT DO NOTHING;
INSERT INTO players ("id", "team_id", "first_name", "last_name", "jersey_number", "position", "identification_id", "photo_urls", "is_federated", "federation_id", "active", "identification_type") VALUES ('a33e0f9f-b887-484e-a170-bb427ea0676a', '34c51dc3-f3ab-4d18-adad-970db3a37784', 'Francisco Ariel', 'González', '22', 'Central', 'Y8278833C', '{/objects/uploads/9273916c-f73e-4929-aa37-e4fcdd93e0cb}', 'f', NULL, 't', 'NIE') ON CONFLICT DO NOTHING;
INSERT INTO players ("id", "team_id", "first_name", "last_name", "jersey_number", "position", "identification_id", "photo_urls", "is_federated", "federation_id", "active", "identification_type") VALUES ('cba6ce3a-15e9-4c97-9761-0326f84d89c0', '34c51dc3-f3ab-4d18-adad-970db3a37784', 'Ricardo ', 'Fernández Ruiz', '15', 'Central', 'Y2889200T', '{/objects/uploads/361439cd-9649-46f7-a873-029f2bdf8a5b}', 'f', NULL, 't', 'NIE') ON CONFLICT DO NOTHING;
INSERT INTO players ("id", "team_id", "first_name", "last_name", "jersey_number", "position", "identification_id", "photo_urls", "is_federated", "federation_id", "active", "identification_type") VALUES ('c1ce862a-5746-4c7b-9ad5-32a7ecb412f5', '34c51dc3-f3ab-4d18-adad-970db3a37784', 'Francisco Fernando', 'Montiel', '30', 'Delantero', 'Y7862212K', '{/objects/uploads/0e02ac0d-d56e-4950-86a1-80d8c51c6fea}', 'f', NULL, 't', 'NIE') ON CONFLICT DO NOTHING;
INSERT INTO players ("id", "team_id", "first_name", "last_name", "jersey_number", "position", "identification_id", "photo_urls", "is_federated", "federation_id", "active", "identification_type") VALUES ('763bd147-0615-473c-805e-2482da51339e', '2e23f2d6-4042-4a94-9ebb-13069e23fc1c', 'Julio ', 'Galeano', '31', 'Arquero', 'R617851', '{/objects/uploads/559a4607-b593-492c-8913-845b328076db}', 'f', NULL, 't', 'PASAPORTE') ON CONFLICT DO NOTHING;
INSERT INTO players ("id", "team_id", "first_name", "last_name", "jersey_number", "position", "identification_id", "photo_urls", "is_federated", "federation_id", "active", "identification_type") VALUES ('5c3fc88c-b141-4bb4-9678-5db4e80fc6f8', '34c51dc3-f3ab-4d18-adad-970db3a37784', 'Juan Carlos ', 'Sosa Valdes', '2', 'Lateral Derecho', '77798942Q', '{/objects/uploads/6865bb80-9a0e-42e5-b6a9-8997563ef8f7}', 'f', NULL, 't', 'DNI') ON CONFLICT DO NOTHING;
INSERT INTO players ("id", "team_id", "first_name", "last_name", "jersey_number", "position", "identification_id", "photo_urls", "is_federated", "federation_id", "active", "identification_type") VALUES ('c3d16eeb-8551-44b8-b529-5151abcaa1ed', '34c51dc3-f3ab-4d18-adad-970db3a37784', 'Luis Javier', 'Presentado Ortega', '21', 'Lateral Izquierdo', '4318987R', '{/objects/uploads/f4cd8412-fc87-46b5-bde8-3d8b570b3e5d}', 'f', NULL, 't', 'DNI') ON CONFLICT DO NOTHING;
INSERT INTO players ("id", "team_id", "first_name", "last_name", "jersey_number", "position", "identification_id", "photo_urls", "is_federated", "federation_id", "active", "identification_type") VALUES ('738a9e8f-ebe9-4073-9a04-0915bbd73bc1', '34c51dc3-f3ab-4d18-adad-970db3a37784', 'José Armando', 'Fernandez Portillo', '9', 'Delantero', 'C351625', '{/objects/uploads/fefaabe7-1c61-45a9-b97b-021330a3d99b}', 'f', NULL, 't', 'PASAPORTE') ON CONFLICT DO NOTHING;
INSERT INTO players ("id", "team_id", "first_name", "last_name", "jersey_number", "position", "identification_id", "photo_urls", "is_federated", "federation_id", "active", "identification_type") VALUES ('c8ea899a-5183-4376-aee7-342ea43e668a', '34c51dc3-f3ab-4d18-adad-970db3a37784', 'Ruben Dario', 'Ferreira Domínguez ', '8', 'Mediocentro', 'Y8572651J', '{/objects/uploads/f7b70295-5caa-4899-ad44-51c93f16d025}', 'f', NULL, 't', 'NIE') ON CONFLICT DO NOTHING;
INSERT INTO players ("id", "team_id", "first_name", "last_name", "jersey_number", "position", "identification_id", "photo_urls", "is_federated", "federation_id", "active", "identification_type") VALUES ('d7a7abcd-4997-4149-8917-ef610595dde9', '34c51dc3-f3ab-4d18-adad-970db3a37784', 'Sergio Luis', 'Martínez González ', '31', 'Mediocentro', '14054639Y', '{/objects/uploads/6b8d4b85-d1d2-41e5-93ba-827c329c0d98}', 'f', NULL, 't', 'DNI') ON CONFLICT DO NOTHING;
INSERT INTO players ("id", "team_id", "first_name", "last_name", "jersey_number", "position", "identification_id", "photo_urls", "is_federated", "federation_id", "active", "identification_type") VALUES ('392c83a1-973b-4e63-b68c-4d8db264a70a', '34c51dc3-f3ab-4d18-adad-970db3a37784', 'Julio Cesar ', 'Franco Arevalos', '26', 'Mediocentro', 'Y7183453S', '{/objects/uploads/8c1496f3-e6d1-4b0f-8be2-de1463cc50ae}', 'f', NULL, 't', 'NIE') ON CONFLICT DO NOTHING;
INSERT INTO players ("id", "team_id", "first_name", "last_name", "jersey_number", "position", "identification_id", "photo_urls", "is_federated", "federation_id", "active", "identification_type") VALUES ('3891bb55-c45a-4129-a573-fe4d0362f341', '91cf16fd-0336-4df0-a15a-25e820eed7b5', 'Nestor ', 'Enciso', '19', 'Defensor', 'C331791 ', '{/objects/uploads/d950d1a5-891d-4f58-a9ed-670b00df16af}', 'f', NULL, 't', 'PASAPORTE') ON CONFLICT DO NOTHING;
INSERT INTO players ("id", "team_id", "first_name", "last_name", "jersey_number", "position", "identification_id", "photo_urls", "is_federated", "federation_id", "active", "identification_type") VALUES ('0e88d251-32c1-4c7f-a695-7a92b3ed766b', '34c51dc3-f3ab-4d18-adad-970db3a37784', 'Jorge  Damián', 'Aguirre Quiñonez ', '7', 'Delantero', NULL, '{/objects/uploads/158b0da9-2871-414a-b075-d415f2a5a609}', 'f', NULL, 't', 'DNI') ON CONFLICT DO NOTHING;
INSERT INTO players ("id", "team_id", "first_name", "last_name", "jersey_number", "position", "identification_id", "photo_urls", "is_federated", "federation_id", "active", "identification_type") VALUES ('99b28caa-5d76-4f5b-91d6-e12457e861eb', '91cf16fd-0336-4df0-a15a-25e820eed7b5', 'Javier', 'Esquivel', '80', 'Defensor', 'S766913', '{/objects/uploads/68d7bdd5-54f2-4ef5-adb4-949133f63b9d}', 'f', NULL, 't', 'PASAPORTE') ON CONFLICT DO NOTHING;
INSERT INTO players ("id", "team_id", "first_name", "last_name", "jersey_number", "position", "identification_id", "photo_urls", "is_federated", "federation_id", "active", "identification_type") VALUES ('a0b5a140-612d-4429-b36b-fba095a2ba15', '2e23f2d6-4042-4a94-9ebb-13069e23fc1c', 'Toribio ', 'Ortiz', '22', 'Defensa', 'Z3342941B', '{/objects/uploads/e7569e79-af8b-4825-8208-d604b0521a1a}', 'f', NULL, 't', 'NIE') ON CONFLICT DO NOTHING;
INSERT INTO players ("id", "team_id", "first_name", "last_name", "jersey_number", "position", "identification_id", "photo_urls", "is_federated", "federation_id", "active", "identification_type") VALUES ('5c7cb236-af1f-48e4-b36c-2f2ad7358181', '2e23f2d6-4042-4a94-9ebb-13069e23fc1c', 'Sergio ', 'Vera', '11', 'Mediocampo', 'S705487', '{/objects/uploads/04d7a2bd-44e6-4fd6-883e-fc74ea72f1ab}', 't', 'E0610204', 't', 'PASAPORTE') ON CONFLICT DO NOTHING;
INSERT INTO players ("id", "team_id", "first_name", "last_name", "jersey_number", "position", "identification_id", "photo_urls", "is_federated", "federation_id", "active", "identification_type") VALUES ('b59e3182-c037-49c3-836f-afd5d8fe675d', '2e23f2d6-4042-4a94-9ebb-13069e23fc1c', 'Cristian ', 'Martinez', '81', 'Mediocampo', 'A183282', '{/objects/uploads/2e25c658-9ced-466d-99e7-1e56d20d4277}', 'f', NULL, 't', 'PASAPORTE') ON CONFLICT DO NOTHING;
INSERT INTO players ("id", "team_id", "first_name", "last_name", "jersey_number", "position", "identification_id", "photo_urls", "is_federated", "federation_id", "active", "identification_type") VALUES ('2c9dbe6e-f783-411c-9976-cdb0e222999d', '2e23f2d6-4042-4a94-9ebb-13069e23fc1c', 'Jose', 'Gonzalez', '18', 'Delantero', 'A322805', '{/objects/uploads/54e77762-7705-4f6d-b446-9ca3f86a2f24}', 'f', NULL, 't', 'PASAPORTE') ON CONFLICT DO NOTHING;
INSERT INTO players ("id", "team_id", "first_name", "last_name", "jersey_number", "position", "identification_id", "photo_urls", "is_federated", "federation_id", "active", "identification_type") VALUES ('382017e9-cdff-42a0-b4d1-56939f11b0ab', '2e23f2d6-4042-4a94-9ebb-13069e23fc1c', 'Miguel ', 'Ocampos', '8', 'Mediocampo', 'Z3002752S', '{/objects/uploads/0f4a2aaa-e2ba-4be7-95e1-4f0110944276}', 'f', NULL, 't', 'NIE') ON CONFLICT DO NOTHING;
INSERT INTO players ("id", "team_id", "first_name", "last_name", "jersey_number", "position", "identification_id", "photo_urls", "is_federated", "federation_id", "active", "identification_type") VALUES ('bebdc1cc-8a62-4216-ae1c-1312499af17e', '2e23f2d6-4042-4a94-9ebb-13069e23fc1c', 'Lorenzo ', 'Ocampos', '3', 'Defensa', 'Y8498512A', '{/objects/uploads/6c347656-8758-4781-92f6-9dc3b6250f4a}', 'f', NULL, 't', 'NIE') ON CONFLICT DO NOTHING;
INSERT INTO players ("id", "team_id", "first_name", "last_name", "jersey_number", "position", "identification_id", "photo_urls", "is_federated", "federation_id", "active", "identification_type") VALUES ('d54e0394-bb3f-4499-97d6-68a9b5298e29', '2e23f2d6-4042-4a94-9ebb-13069e23fc1c', 'Adolfo', 'Espinola', '12', 'Arquero', 'A097137', '{/objects/uploads/ddaf147d-fd19-4220-9cde-29cf044989e2}', 'f', NULL, 't', 'PASAPORTE') ON CONFLICT DO NOTHING;
INSERT INTO players ("id", "team_id", "first_name", "last_name", "jersey_number", "position", "identification_id", "photo_urls", "is_federated", "federation_id", "active", "identification_type") VALUES ('3e6917e4-321c-4729-a691-b2ae1a84355d', '3504f2dc-9798-4e8f-b754-6568193dffcd', 'Jose', 'Torres', '8', 'Mediocampista ', 'A036410', '{/objects/uploads/01b351bc-f457-42fb-88a6-5e151bc25a8f}', 'f', NULL, 't', 'PASAPORTE') ON CONFLICT DO NOTHING;
INSERT INTO players ("id", "team_id", "first_name", "last_name", "jersey_number", "position", "identification_id", "photo_urls", "is_federated", "federation_id", "active", "identification_type") VALUES ('a0e9336f-a13b-4421-932f-9be9c00b7b91', '2e23f2d6-4042-4a94-9ebb-13069e23fc1c', 'Rodney', 'Ocampos', '4', 'Defensa', 'Y9663777L', '{/objects/uploads/a3633f30-b2bb-4e62-a77b-9e896c696f22}', 'f', NULL, 't', 'NIE') ON CONFLICT DO NOTHING;
INSERT INTO players ("id", "team_id", "first_name", "last_name", "jersey_number", "position", "identification_id", "photo_urls", "is_federated", "federation_id", "active", "identification_type") VALUES ('2cbf5943-d082-4e48-ac88-01fc0d3bfc51', '3504f2dc-9798-4e8f-b754-6568193dffcd', 'Alejandro', 'Borja ', '10', 'Mediocampista ', 'A051673', '{/objects/uploads/d4e9893f-86f6-45f4-ae56-d064cfdad856}', 'f', NULL, 't', 'PASAPORTE') ON CONFLICT DO NOTHING;
INSERT INTO players ("id", "team_id", "first_name", "last_name", "jersey_number", "position", "identification_id", "photo_urls", "is_federated", "federation_id", "active", "identification_type") VALUES ('2c67de4c-1a8f-4db8-80a1-9dfa2f2a1022', '2e23f2d6-4042-4a94-9ebb-13069e23fc1c', 'Nelson', 'Martinez', '24', 'Delantero', 'C322088', '{/objects/uploads/fd0b0066-674f-4c49-8ec9-26b10ac11d0f}', 'f', NULL, 't', 'PASAPORTE') ON CONFLICT DO NOTHING;
INSERT INTO players ("id", "team_id", "first_name", "last_name", "jersey_number", "position", "identification_id", "photo_urls", "is_federated", "federation_id", "active", "identification_type") VALUES ('026e38a5-57e8-4f64-bad0-537bf6edace8', '3504f2dc-9798-4e8f-b754-6568193dffcd', 'Tobias ', 'Ramos ', '6', 'Mediocampista ', 'A063504', '{/objects/uploads/32a18324-29db-444b-b6fa-c607f7cc8de2}', 'f', NULL, 't', 'PASAPORTE') ON CONFLICT DO NOTHING;
INSERT INTO players ("id", "team_id", "first_name", "last_name", "jersey_number", "position", "identification_id", "photo_urls", "is_federated", "federation_id", "active", "identification_type") VALUES ('0594bc06-1032-4286-92e7-f4f56251390d', '3504f2dc-9798-4e8f-b754-6568193dffcd', 'Jose ', 'López ', '5', 'Defensor ', 'A455857', '{/objects/uploads/0d0b4856-6790-4b32-a2d3-5d2dab019113}', 'f', NULL, 't', 'PASAPORTE') ON CONFLICT DO NOTHING;
INSERT INTO players ("id", "team_id", "first_name", "last_name", "jersey_number", "position", "identification_id", "photo_urls", "is_federated", "federation_id", "active", "identification_type") VALUES ('87569fbb-deb3-4246-b377-31a694b7d2e5', '3504f2dc-9798-4e8f-b754-6568193dffcd', 'Rodrigo ', 'González ', '13', 'Mediocampista ', 'C376696', '{/objects/uploads/525ffe66-17ea-48c0-ae13-ee5bfde636bb}', 't', NULL, 't', 'PASAPORTE') ON CONFLICT DO NOTHING;
INSERT INTO players ("id", "team_id", "first_name", "last_name", "jersey_number", "position", "identification_id", "photo_urls", "is_federated", "federation_id", "active", "identification_type") VALUES ('0078c7eb-8572-42e2-bb96-7dc79e8f3d9e', '2e23f2d6-4042-4a94-9ebb-13069e23fc1c', 'Juan ', 'Quiñonez', '17', 'Defensa', 'A036466', '{/objects/uploads/08d2f99a-ab70-4e70-81dc-261ab105c27f}', 'f', NULL, 't', 'PASAPORTE') ON CONFLICT DO NOTHING;
INSERT INTO players ("id", "team_id", "first_name", "last_name", "jersey_number", "position", "identification_id", "photo_urls", "is_federated", "federation_id", "active", "identification_type") VALUES ('0a15c1c4-b491-4b19-a09c-5a106e716132', '2e23f2d6-4042-4a94-9ebb-13069e23fc1c', 'Carlos ', 'Nuñez ', '9', 'Delantero', 'A022533', '{/objects/uploads/f600d9ec-0cd9-40c6-b130-cea0ce90ab96}', 'f', NULL, 't', 'PASAPORTE') ON CONFLICT DO NOTHING;
INSERT INTO players ("id", "team_id", "first_name", "last_name", "jersey_number", "position", "identification_id", "photo_urls", "is_federated", "federation_id", "active", "identification_type") VALUES ('75b89f5b-3b27-452c-8e36-bd450a20aa71', '3504f2dc-9798-4e8f-b754-6568193dffcd', 'Alan ', 'Sánchez ', '4', 'Defensor ', 'R620144', '{/objects/uploads/b5761bde-e20a-4f82-8d51-1af2b66b03c1}', 'f', NULL, 't', 'PASAPORTE') ON CONFLICT DO NOTHING;
INSERT INTO players ("id", "team_id", "first_name", "last_name", "jersey_number", "position", "identification_id", "photo_urls", "is_federated", "federation_id", "active", "identification_type") VALUES ('ffd247dc-262d-4c21-83c9-63dd1123e42d', '3504f2dc-9798-4e8f-b754-6568193dffcd', 'José Miguel ', 'Macchi ', '17', 'Defensor ', 'S776640', '{/objects/uploads/7f237ec8-1358-4850-b27f-70db07d43804}', 'f', NULL, 't', 'PASAPORTE') ON CONFLICT DO NOTHING;
INSERT INTO players ("id", "team_id", "first_name", "last_name", "jersey_number", "position", "identification_id", "photo_urls", "is_federated", "federation_id", "active", "identification_type") VALUES ('68ead805-b19f-4a0a-a8e6-3b46da41e36e', '3504f2dc-9798-4e8f-b754-6568193dffcd', 'Jesús ', 'González ', '11', 'Delantero ', 'A083120 ', '{/objects/uploads/614890d0-d953-4399-badb-6752e2c946b3}', 'f', NULL, 't', 'PASAPORTE') ON CONFLICT DO NOTHING;
INSERT INTO players ("id", "team_id", "first_name", "last_name", "jersey_number", "position", "identification_id", "photo_urls", "is_federated", "federation_id", "active", "identification_type") VALUES ('01d697a4-de36-4ebe-b2c3-ddfdd83dda77', '3504f2dc-9798-4e8f-b754-6568193dffcd', 'Oscar ', 'Román ', '1', 'Portero ', 'A079163', '{/objects/uploads/0d3eeaca-944b-4e58-a301-097499dad543}', 'f', NULL, 't', 'PASAPORTE') ON CONFLICT DO NOTHING;
INSERT INTO players ("id", "team_id", "first_name", "last_name", "jersey_number", "position", "identification_id", "photo_urls", "is_federated", "federation_id", "active", "identification_type") VALUES ('890a113f-0f1e-4950-91f4-a4a7d0f6841e', '3504f2dc-9798-4e8f-b754-6568193dffcd', 'Oscar ', 'Cáceres ', '20', 'Defensor ', 'R526001', '{/objects/uploads/bac9c1ef-fe42-4647-8b13-6ec787619888}', 'f', NULL, 't', 'PASAPORTE') ON CONFLICT DO NOTHING;
INSERT INTO players ("id", "team_id", "first_name", "last_name", "jersey_number", "position", "identification_id", "photo_urls", "is_federated", "federation_id", "active", "identification_type") VALUES ('adac41bd-ad37-477e-a08d-e224c1648e45', '3504f2dc-9798-4e8f-b754-6568193dffcd', 'Hugo ', 'Flecha ', '70', 'Delantero ', 'S722642', '{/objects/uploads/b7ba8594-7a94-4f9a-81db-e9de6e384a17}', 'f', NULL, 't', 'PASAPORTE') ON CONFLICT DO NOTHING;
INSERT INTO players ("id", "team_id", "first_name", "last_name", "jersey_number", "position", "identification_id", "photo_urls", "is_federated", "federation_id", "active", "identification_type") VALUES ('1c6b5c99-984a-4ace-9665-4be63bf5bcc2', '3504f2dc-9798-4e8f-b754-6568193dffcd', 'Cristhian ', 'Mareco', '7', 'Delantero ', 'S756494', '{/objects/uploads/90ca5af5-d0cf-4fd6-8ccb-c058bd6397fd}', 'f', NULL, 't', 'PASAPORTE') ON CONFLICT DO NOTHING;
INSERT INTO players ("id", "team_id", "first_name", "last_name", "jersey_number", "position", "identification_id", "photo_urls", "is_federated", "federation_id", "active", "identification_type") VALUES ('a371d434-1dbc-4ac7-aa7d-e56edbf6991f', '3504f2dc-9798-4e8f-b754-6568193dffcd', 'José ', 'Adorno ', '14', 'Mediocampista ', 'Y6422468P', '{/objects/uploads/0b712ea7-bf83-4a4a-8169-51275670c296}', 't', 'E0613776', 't', 'NIE') ON CONFLICT DO NOTHING;
INSERT INTO players ("id", "team_id", "first_name", "last_name", "jersey_number", "position", "identification_id", "photo_urls", "is_federated", "federation_id", "active", "identification_type") VALUES ('fbb4fb3a-cfb9-4c06-b74a-28f1758d50e0', '3504f2dc-9798-4e8f-b754-6568193dffcd', 'Juan ', 'Cuero ', '2', 'Defensor ', 'S697510', '{/objects/uploads/7b8bed12-a271-4929-9f50-2c64a71b4d30}', 't', NULL, 't', 'PASAPORTE') ON CONFLICT DO NOTHING;
INSERT INTO players ("id", "team_id", "first_name", "last_name", "jersey_number", "position", "identification_id", "photo_urls", "is_federated", "federation_id", "active", "identification_type") VALUES ('bb8b5e60-d9bf-43ce-b066-d90d9aac44cf', '91cf16fd-0336-4df0-a15a-25e820eed7b5', 'David', 'Roman', '11', 'Delantero', 'A135663', '{/objects/uploads/e7ab04ee-8223-4cf7-909f-76ce1d863493}', 'f', NULL, 't', 'PASAPORTE') ON CONFLICT DO NOTHING;
INSERT INTO players ("id", "team_id", "first_name", "last_name", "jersey_number", "position", "identification_id", "photo_urls", "is_federated", "federation_id", "active", "identification_type") VALUES ('a429b86a-e374-449b-921b-b7d6b19b757c', '91cf16fd-0336-4df0-a15a-25e820eed7b5', 'Néstor ', 'Figueredo', '21', 'Defensor', 'T788395', '{/objects/uploads/ff3f1ba0-5f47-4151-b0e2-e475c78ca2de}', 'f', NULL, 't', 'PASAPORTE') ON CONFLICT DO NOTHING;
INSERT INTO players ("id", "team_id", "first_name", "last_name", "jersey_number", "position", "identification_id", "photo_urls", "is_federated", "federation_id", "active", "identification_type") VALUES ('7b7237ba-63ce-4a79-a97e-ab6f4d569d80', '91cf16fd-0336-4df0-a15a-25e820eed7b5', 'Mario ', 'Acosta', '1', 'Portero', 'A003758', '{/objects/uploads/9f2317ec-d0e9-45a9-9d89-8dbab53bdce9}', 't', NULL, 't', 'PASAPORTE') ON CONFLICT DO NOTHING;
INSERT INTO players ("id", "team_id", "first_name", "last_name", "jersey_number", "position", "identification_id", "photo_urls", "is_federated", "federation_id", "active", "identification_type") VALUES ('a1f46406-2275-4e6b-919b-a5932521a203', '91cf16fd-0336-4df0-a15a-25e820eed7b5', 'Ramiro', 'Pais Mayan ', '17', 'Centrocampista ', '11449896J', '{/objects/uploads/138416e1-bf15-4460-9662-ee04a595ad36}', 'f', NULL, 't', 'DNI') ON CONFLICT DO NOTHING;
INSERT INTO players ("id", "team_id", "first_name", "last_name", "jersey_number", "position", "identification_id", "photo_urls", "is_federated", "federation_id", "active", "identification_type") VALUES ('619d360e-2262-434c-b2ee-6b9c2a04cc2e', '0de56b98-1b8a-4dfd-977e-f9939f822c3a', 'César Francisco ', 'Alvarenga Belotto', '7', 'Delantero ', 'T831664', '{}', 'f', NULL, 't', 'PASAPORTE') ON CONFLICT DO NOTHING;
INSERT INTO players ("id", "team_id", "first_name", "last_name", "jersey_number", "position", "identification_id", "photo_urls", "is_federated", "federation_id", "active", "identification_type") VALUES ('fba0e96c-368f-4241-8410-b5553be1158e', '35df28de-250d-4623-8437-124cd36679b4', 'Junior ', 'Acosta', '10', 'Delantero', 'S756756', '{/objects/uploads/8b4e62bf-1034-4d66-90af-6a44fb2c2183}', 'f', NULL, 't', 'PASAPORTE') ON CONFLICT DO NOTHING;
INSERT INTO players ("id", "team_id", "first_name", "last_name", "jersey_number", "position", "identification_id", "photo_urls", "is_federated", "federation_id", "active", "identification_type") VALUES ('64545cc0-91d9-4c30-aecc-8f3938b1da70', '35df28de-250d-4623-8437-124cd36679b4', 'Lizardo', 'Ruiz Diaz', '15', 'Central', 'Z3112253J', '{/objects/uploads/5a4c8194-0e8b-4774-a75d-6adc80def2e6}', 'f', NULL, 't', 'PASAPORTE') ON CONFLICT DO NOTHING;
INSERT INTO players ("id", "team_id", "first_name", "last_name", "jersey_number", "position", "identification_id", "photo_urls", "is_federated", "federation_id", "active", "identification_type") VALUES ('5870e7f2-529e-4f4c-a714-1ee2fa822563', '35df28de-250d-4623-8437-124cd36679b4', 'Alexis ', 'Paredes', '11', 'Central', 'Z3435890V', '{/objects/uploads/795d9c7a-5996-4d33-8389-28670892fece}', 'f', NULL, 't', 'NIE') ON CONFLICT DO NOTHING;
INSERT INTO players ("id", "team_id", "first_name", "last_name", "jersey_number", "position", "identification_id", "photo_urls", "is_federated", "federation_id", "active", "identification_type") VALUES ('c4fdbcf5-7e80-48e9-801d-4a0c60ed785d', '91cf16fd-0336-4df0-a15a-25e820eed7b5', 'Elías ', 'Ledezma', '24', 'Delantero', 'A045792', '{/objects/uploads/1bd178d9-25a7-4a52-88ef-2bd4ee4addaf}', 't', 'E0657469', 't', 'PASAPORTE') ON CONFLICT DO NOTHING;
INSERT INTO players ("id", "team_id", "first_name", "last_name", "jersey_number", "position", "identification_id", "photo_urls", "is_federated", "federation_id", "active", "identification_type") VALUES ('1926f2f6-fb54-4ab7-8fe2-21d10ed57b1f', '6dc24c30-97fe-410a-8bf4-f096507da76c', 'Diego Fernando ', 'Santacruz franco ', '18', 'Portero ', 'Y8589769L', '{/objects/uploads/b49e0b72-d2a6-46b6-a10d-14c4d08d3dc8}', 'f', NULL, 't', 'NIE') ON CONFLICT DO NOTHING;
INSERT INTO players ("id", "team_id", "first_name", "last_name", "jersey_number", "position", "identification_id", "photo_urls", "is_federated", "federation_id", "active", "identification_type") VALUES ('257eb3a4-bada-4919-9d77-cdabffcb087c', '6dc24c30-97fe-410a-8bf4-f096507da76c', 'Héctor Eduardo ', 'Romero aguero ', '8', 'Delantero', 'Y4707806L', '{/objects/uploads/ec69b15e-df29-43db-9a1b-b26179257055}', 'f', NULL, 't', 'NIE') ON CONFLICT DO NOTHING;
INSERT INTO players ("id", "team_id", "first_name", "last_name", "jersey_number", "position", "identification_id", "photo_urls", "is_federated", "federation_id", "active", "identification_type") VALUES ('d0e7c77c-c9d9-45f5-b22b-fa6a3aaa4636', '6dc24c30-97fe-410a-8bf4-f096507da76c', 'Santino German', 'Patrón González ', '17', 'Delantero ', 'C391787', '{/objects/uploads/c3ca3508-daa3-4f15-9e01-5b23f1e4c2ee}', 'f', NULL, 't', 'PASAPORTE') ON CONFLICT DO NOTHING;
INSERT INTO players ("id", "team_id", "first_name", "last_name", "jersey_number", "position", "identification_id", "photo_urls", "is_federated", "federation_id", "active", "identification_type") VALUES ('0a1e5f14-bfe7-431d-be98-393471151673', '6dc24c30-97fe-410a-8bf4-f096507da76c', 'César ', 'Molinas ', '11', 'Delantero ', 'T802186', '{/objects/uploads/af3080c9-3128-43a4-8548-2e401746fa60}', 'f', NULL, 't', 'PASAPORTE') ON CONFLICT DO NOTHING;
INSERT INTO players ("id", "team_id", "first_name", "last_name", "jersey_number", "position", "identification_id", "photo_urls", "is_federated", "federation_id", "active", "identification_type") VALUES ('5b78461d-7ea4-43e3-8d26-0139d6950324', '6dc24c30-97fe-410a-8bf4-f096507da76c', 'Héctor ', 'Arriola ', '5', 'Defensa ', 'Y2881781X', '{/objects/uploads/60ccb583-145b-4b16-92e7-720c935ddfdd}', 'f', NULL, 't', 'NIE') ON CONFLICT DO NOTHING;
INSERT INTO players ("id", "team_id", "first_name", "last_name", "jersey_number", "position", "identification_id", "photo_urls", "is_federated", "federation_id", "active", "identification_type") VALUES ('d4a530b0-195a-41af-b275-fa90b18927fd', '6dc24c30-97fe-410a-8bf4-f096507da76c', 'Salvador ', 'Cabra López ', '7', 'Extremo ', '77687492Z', '{/objects/uploads/2d09e2ac-d577-46d1-813c-945647c6fa21}', 'f', NULL, 't', 'DNI') ON CONFLICT DO NOTHING;
INSERT INTO players ("id", "team_id", "first_name", "last_name", "jersey_number", "position", "identification_id", "photo_urls", "is_federated", "federation_id", "active", "identification_type") VALUES ('f433d998-5c0e-46cf-b66f-69ec03c9d164', '6dc24c30-97fe-410a-8bf4-f096507da76c', 'Pablo ', 'Romero ', '9', 'Delantero ', '16863305G', '{/objects/uploads/c4d68acd-1fa6-4e7e-b6a9-9f6132708d4a}', 't', 'E9900009589', 't', 'DNI') ON CONFLICT DO NOTHING;
INSERT INTO players ("id", "team_id", "first_name", "last_name", "jersey_number", "position", "identification_id", "photo_urls", "is_federated", "federation_id", "active", "identification_type") VALUES ('e279e0c9-6bb3-4141-ac13-08445f566baa', '6dc24c30-97fe-410a-8bf4-f096507da76c', 'Martín ', 'Arriola ', '20', 'Defensa', 'Y8884534Q', '{/objects/uploads/a41dd512-9a0c-4b88-be9a-b8f73ab3d3ca}', 't', 'Y8884534Q', 't', 'NIE') ON CONFLICT DO NOTHING;
INSERT INTO players ("id", "team_id", "first_name", "last_name", "jersey_number", "position", "identification_id", "photo_urls", "is_federated", "federation_id", "active", "identification_type") VALUES ('2e8bb7da-1342-417c-8157-ce999bcf5315', '6dc24c30-97fe-410a-8bf4-f096507da76c', 'Miguel Sebastián ', 'Ramos ', '19', 'Defensa', 'Y6440841G', '{/objects/uploads/56b57e37-62ba-42ec-999f-dc05d9d63f43}', 'f', NULL, 't', 'NIE') ON CONFLICT DO NOTHING;
INSERT INTO players ("id", "team_id", "first_name", "last_name", "jersey_number", "position", "identification_id", "photo_urls", "is_federated", "federation_id", "active", "identification_type") VALUES ('b00a7128-9e19-4827-8e0b-24c004e0f75e', '6dc24c30-97fe-410a-8bf4-f096507da76c', 'Salvador ', 'Ramírez Garrido', '21', 'Defensa', '76428626V', '{/objects/uploads/af99d8d4-8701-4fe6-8f13-52a29b864d54}', 'f', NULL, 't', 'DNI') ON CONFLICT DO NOTHING;
INSERT INTO players ("id", "team_id", "first_name", "last_name", "jersey_number", "position", "identification_id", "photo_urls", "is_federated", "federation_id", "active", "identification_type") VALUES ('3359f48c-20a7-4487-9cd2-42cf53e5001c', '6dc24c30-97fe-410a-8bf4-f096507da76c', 'Emiliano', 'Trubiano', '32', 'Delantero ', '42028942', '{/objects/uploads/a8cd9b7a-1b56-42bc-a06a-23cacae417bc}', 'f', NULL, 't', 'DNI') ON CONFLICT DO NOTHING;
INSERT INTO players ("id", "team_id", "first_name", "last_name", "jersey_number", "position", "identification_id", "photo_urls", "is_federated", "federation_id", "active", "identification_type") VALUES ('cc17ab85-9a63-4dde-8e29-890badf37d61', '6dc24c30-97fe-410a-8bf4-f096507da76c', 'Ángel Enrique ', 'Carmona ', '14', 'Defensa ', 'Y2954799A', '{/objects/uploads/e773f497-274c-446a-a3fd-9e562f107010}', 'f', NULL, 't', 'NIE') ON CONFLICT DO NOTHING;
INSERT INTO players ("id", "team_id", "first_name", "last_name", "jersey_number", "position", "identification_id", "photo_urls", "is_federated", "federation_id", "active", "identification_type") VALUES ('374f23a4-1f86-449f-b8ff-48302121a72c', '6dc24c30-97fe-410a-8bf4-f096507da76c', 'Robert ', 'Nuñez ', '10', 'Centrocampistas ', '77444199W', '{/objects/uploads/8428a8c3-bbc2-4c9a-b77b-a6d03c3fcb9a}', 't', '77444199W', 't', 'DNI') ON CONFLICT DO NOTHING;
INSERT INTO players ("id", "team_id", "first_name", "last_name", "jersey_number", "position", "identification_id", "photo_urls", "is_federated", "federation_id", "active", "identification_type") VALUES ('9133b1c9-b743-4457-a163-d96fb7a5636b', '0de56b98-1b8a-4dfd-977e-f9939f822c3a', 'Elías Martín ', 'López ', '20', 'Medio', 'A025668', '{}', 'f', NULL, 't', 'PASAPORTE') ON CONFLICT DO NOTHING;
INSERT INTO players ("id", "team_id", "first_name", "last_name", "jersey_number", "position", "identification_id", "photo_urls", "is_federated", "federation_id", "active", "identification_type") VALUES ('abdc60de-4f84-4f39-a267-a147c082a033', '0de56b98-1b8a-4dfd-977e-f9939f822c3a', 'Aldo', 'López ', '9', 'D', 'X8933408R', '{}', 'f', NULL, 't', 'NIE') ON CONFLICT DO NOTHING;
INSERT INTO players ("id", "team_id", "first_name", "last_name", "jersey_number", "position", "identification_id", "photo_urls", "is_federated", "federation_id", "active", "identification_type") VALUES ('ae98110b-141e-4096-a455-2825c8f0cd0c', '0de56b98-1b8a-4dfd-977e-f9939f822c3a', 'César Agustín ', 'López Vera', '10', 'D', 'Z1949778g', '{}', 'f', NULL, 't', 'NIE') ON CONFLICT DO NOTHING;
INSERT INTO players ("id", "team_id", "first_name", "last_name", "jersey_number", "position", "identification_id", "photo_urls", "is_federated", "federation_id", "active", "identification_type") VALUES ('c170d6be-8b88-4636-a963-73aadc98791e', '0de56b98-1b8a-4dfd-977e-f9939f822c3a', 'Denis', 'López ', '5', 'C', 'Z1755817w', '{}', 'f', NULL, 't', 'NIE') ON CONFLICT DO NOTHING;
INSERT INTO players ("id", "team_id", "first_name", "last_name", "jersey_number", "position", "identification_id", "photo_urls", "is_federated", "federation_id", "active", "identification_type") VALUES ('ddfe770c-ea63-4ef0-ba0f-b48284a29333', '0de56b98-1b8a-4dfd-977e-f9939f822c3a', 'Diego', 'Godoy ', '15', 'M', 'T799902', '{}', 't', NULL, 't', 'PASAPORTE') ON CONFLICT DO NOTHING;
INSERT INTO players ("id", "team_id", "first_name", "last_name", "jersey_number", "position", "identification_id", "photo_urls", "is_federated", "federation_id", "active", "identification_type") VALUES ('b6e22186-d409-4847-949c-7e867a3a31c9', '0de56b98-1b8a-4dfd-977e-f9939f822c3a', 'Marciano ', 'Sosa Machado ', '6', 'C', 'A086438', '{}', 'f', NULL, 't', 'PASAPORTE') ON CONFLICT DO NOTHING;
INSERT INTO players ("id", "team_id", "first_name", "last_name", "jersey_number", "position", "identification_id", "photo_urls", "is_federated", "federation_id", "active", "identification_type") VALUES ('fc2e18ef-6348-4ecc-a986-f11b1e108f63', '0de56b98-1b8a-4dfd-977e-f9939f822c3a', 'Celso de Jesús ', 'Ledesma Irala', '11', NULL, 'A133354', '{}', 'f', NULL, 't', 'PASAPORTE') ON CONFLICT DO NOTHING;
INSERT INTO players ("id", "team_id", "first_name", "last_name", "jersey_number", "position", "identification_id", "photo_urls", "is_federated", "federation_id", "active", "identification_type") VALUES ('45bdf6f5-8e6b-46d1-bd2c-bd402af49bdf', '0de56b98-1b8a-4dfd-977e-f9939f822c3a', 'Junior', 'Vega', '17', 'M', 'C316850', '{}', 'f', NULL, 't', 'PASAPORTE') ON CONFLICT DO NOTHING;
INSERT INTO players ("id", "team_id", "first_name", "last_name", "jersey_number", "position", "identification_id", "photo_urls", "is_federated", "federation_id", "active", "identification_type") VALUES ('02f8e04f-396a-4afc-827f-113067166343', '0de56b98-1b8a-4dfd-977e-f9939f822c3a', 'Rodolfo ', 'Enríquez ', '18', 'D', 'A020302', '{}', 'f', NULL, 't', 'PASAPORTE') ON CONFLICT DO NOTHING;
INSERT INTO players ("id", "team_id", "first_name", "last_name", "jersey_number", "position", "identification_id", "photo_urls", "is_federated", "federation_id", "active", "identification_type") VALUES ('39f9fe82-d199-42d3-9279-2fc3183c273c', '0de56b98-1b8a-4dfd-977e-f9939f822c3a', 'Marcelo ', 'Cabrera ', '16', 'M', 'A152588', '{}', 'f', NULL, 't', 'PASAPORTE') ON CONFLICT DO NOTHING;
INSERT INTO players ("id", "team_id", "first_name", "last_name", "jersey_number", "position", "identification_id", "photo_urls", "is_federated", "federation_id", "active", "identification_type") VALUES ('47b25502-9100-44b2-ac30-1ddea5f60e18', '6dc24c30-97fe-410a-8bf4-f096507da76c', 'Ezequiel ', 'Martínez ', '22', 'Extremo', 'S743790', '{/objects/uploads/eba243cf-ba09-4567-a7cf-ea8080ea71f9}', 'f', NULL, 't', 'PASAPORTE') ON CONFLICT DO NOTHING;
INSERT INTO players ("id", "team_id", "first_name", "last_name", "jersey_number", "position", "identification_id", "photo_urls", "is_federated", "federation_id", "active", "identification_type") VALUES ('b12cfb69-a912-490e-a26c-52948c059ac0', '2309b0ff-44cc-4964-b56c-182fe8ebb925', 'Sebastián ', 'Ortega Morel', '14', 'Defensa ', 'Y1876336x ', '{/objects/uploads/f25c500e-8751-4d0a-85c9-ceb425cc2b3a}', 'f', NULL, 't', 'NIE') ON CONFLICT DO NOTHING;
INSERT INTO players ("id", "team_id", "first_name", "last_name", "jersey_number", "position", "identification_id", "photo_urls", "is_federated", "federation_id", "active", "identification_type") VALUES ('e7e4152d-899d-4f1b-8cd6-5977fa1c6c28', '34c51dc3-f3ab-4d18-adad-970db3a37784', 'Francisco Javier', 'Toledo Sanchez', '4', 'Delantero', 'Y9558868J', '{/objects/uploads/0053ae8f-267f-434d-bcc2-5cdde2f2a860}', 'f', NULL, 't', 'NIE') ON CONFLICT DO NOTHING;
INSERT INTO players ("id", "team_id", "first_name", "last_name", "jersey_number", "position", "identification_id", "photo_urls", "is_federated", "federation_id", "active", "identification_type") VALUES ('288a5988-7e18-49b5-8b15-2bf5b75185ed', '34c51dc3-f3ab-4d18-adad-970db3a37784', 'Diego Fernando', 'Santacruz Franco', '1', 'Arquero', 'Y8589769L', '{/objects/uploads/40295f5c-e3bb-4d73-9660-1cd377b94c0b}', 'f', NULL, 't', 'NIE') ON CONFLICT DO NOTHING;
INSERT INTO players ("id", "team_id", "first_name", "last_name", "jersey_number", "position", "identification_id", "photo_urls", "is_federated", "federation_id", "active", "identification_type") VALUES ('41b16268-d6f8-41e7-918f-fe35167df863', '2309b0ff-44cc-4964-b56c-182fe8ebb925', 'Ever Dani', 'Cohene', '1', 'Arquero', 'Y6926272c', '{/objects/uploads/2cf20530-6014-4fd7-b75d-0cf998118fdf}', 'f', NULL, 't', 'NIE') ON CONFLICT DO NOTHING;
INSERT INTO players ("id", "team_id", "first_name", "last_name", "jersey_number", "position", "identification_id", "photo_urls", "is_federated", "federation_id", "active", "identification_type") VALUES ('f32a18c4-50dd-4f46-80f1-c16a45aa7b47', '2309b0ff-44cc-4964-b56c-182fe8ebb925', 'Maximiliano ', 'Gutiérrez ', '5', 'Defensa ', 'Y8707068l', '{/objects/uploads/40e04075-b0ca-4d7c-82fe-3d8ac08bce15}', 'f', NULL, 't', 'NIE') ON CONFLICT DO NOTHING;
INSERT INTO players ("id", "team_id", "first_name", "last_name", "jersey_number", "position", "identification_id", "photo_urls", "is_federated", "federation_id", "active", "identification_type") VALUES ('125b6915-478e-454f-8597-dd000200f1a5', '2309b0ff-44cc-4964-b56c-182fe8ebb925', 'Julio', 'Galeano', '7', NULL, 'A053399', '{/objects/uploads/106cfcb0-20eb-4854-bc42-fbd52b834079}', 'f', NULL, 't', 'PASAPORTE') ON CONFLICT DO NOTHING;
INSERT INTO players ("id", "team_id", "first_name", "last_name", "jersey_number", "position", "identification_id", "photo_urls", "is_federated", "federation_id", "active", "identification_type") VALUES ('db0153f8-d95f-4676-a6ca-a5424eec5cb0', '2309b0ff-44cc-4964-b56c-182fe8ebb925', 'Juan carlos', 'Portillo', '13', NULL, '2911594', '{/objects/uploads/ffbe4e2a-3828-4806-9f5f-2c40901e653b}', 'f', NULL, 't', 'PASAPORTE') ON CONFLICT DO NOTHING;
INSERT INTO players ("id", "team_id", "first_name", "last_name", "jersey_number", "position", "identification_id", "photo_urls", "is_federated", "federation_id", "active", "identification_type") VALUES ('c9d32bed-3ffd-49c3-a4f6-0a6062c6c27a', '2309b0ff-44cc-4964-b56c-182fe8ebb925', 'Ever Ramon', 'Rodriguez', '18', NULL, '5736986', '{/objects/uploads/181e2e11-578f-4dba-9aea-cfad47fb030f}', 't', NULL, 't', 'PASAPORTE') ON CONFLICT DO NOTHING;
INSERT INTO players ("id", "team_id", "first_name", "last_name", "jersey_number", "position", "identification_id", "photo_urls", "is_federated", "federation_id", "active", "identification_type") VALUES ('f36c3911-e09f-4216-a85b-a748108c8f82', '0de56b98-1b8a-4dfd-977e-f9939f822c3a', 'Marcos enrique ', 'Medina morinigo', '23', 'D', 'A059052', '{}', 'f', NULL, 't', 'PASAPORTE') ON CONFLICT DO NOTHING;
INSERT INTO players ("id", "team_id", "first_name", "last_name", "jersey_number", "position", "identification_id", "photo_urls", "is_federated", "federation_id", "active", "identification_type") VALUES ('97fe8885-900e-4dc3-a337-f248c0c929a6', '2309b0ff-44cc-4964-b56c-182fe8ebb925', 'Nelson ', 'Torales', '12', 'Arquero', 'Y7198201x', '{/objects/uploads/bc857d62-f674-4909-aaf7-07cc06f2c6e7}', 'f', NULL, 't', 'NIE') ON CONFLICT DO NOTHING;
INSERT INTO players ("id", "team_id", "first_name", "last_name", "jersey_number", "position", "identification_id", "photo_urls", "is_federated", "federation_id", "active", "identification_type") VALUES ('142df60c-a974-4030-8601-7bd12200b6a5', '2309b0ff-44cc-4964-b56c-182fe8ebb925', 'Marcelo', 'Cardozo', '6', 'Medio campo', 'Z0535609j', '{/objects/uploads/3385e396-a054-4ca9-8b69-36feaa2f349e}', 'f', NULL, 't', 'NIE') ON CONFLICT DO NOTHING;
INSERT INTO players ("id", "team_id", "first_name", "last_name", "jersey_number", "position", "identification_id", "photo_urls", "is_federated", "federation_id", "active", "identification_type") VALUES ('7991692e-4203-4bc4-b48a-f941e04bcd2e', '6dc24c30-97fe-410a-8bf4-f096507da76c', 'Alejandro ', 'Ruiz', '16', 'Defensa ', 'Z0596900D', '{/objects/uploads/052b5b9f-ed26-4644-86b8-23f3d84f6fda}', 'f', NULL, 't', 'NIE') ON CONFLICT DO NOTHING;
INSERT INTO players ("id", "team_id", "first_name", "last_name", "jersey_number", "position", "identification_id", "photo_urls", "is_federated", "federation_id", "active", "identification_type") VALUES ('bcd9d456-dd41-4d0d-b8db-60dd88666444', '2309b0ff-44cc-4964-b56c-182fe8ebb925', 'Francisco ', 'Caballero ', '10', 'Delantero', '02387290m', '{/objects/uploads/087cc141-6de4-43de-9b15-2904f6378ebd}', 'f', NULL, 't', 'DNI') ON CONFLICT DO NOTHING;
INSERT INTO players ("id", "team_id", "first_name", "last_name", "jersey_number", "position", "identification_id", "photo_urls", "is_federated", "federation_id", "active", "identification_type") VALUES ('b11f8fae-c6e4-4eb5-9f9c-d55c0e831eb6', '2309b0ff-44cc-4964-b56c-182fe8ebb925', 'Jorge', 'Velazquez', '11', NULL, 'A031092', '{/objects/uploads/642573d6-c5dc-45cc-9243-12ab01c9a80f}', 'f', NULL, 't', 'PASAPORTE') ON CONFLICT DO NOTHING;
INSERT INTO players ("id", "team_id", "first_name", "last_name", "jersey_number", "position", "identification_id", "photo_urls", "is_federated", "federation_id", "active", "identification_type") VALUES ('de59145b-0d71-4535-a202-a9d8a67cef2c', '0de56b98-1b8a-4dfd-977e-f9939f822c3a', 'Luis Miguel ', 'Centurión Salinas ', '16', 'M', 'A168871', '{}', 'f', NULL, 't', 'PASAPORTE') ON CONFLICT DO NOTHING;
INSERT INTO players ("id", "team_id", "first_name", "last_name", "jersey_number", "position", "identification_id", "photo_urls", "is_federated", "federation_id", "active", "identification_type") VALUES ('19dfe912-0409-483d-96ae-5d62d9d768a4', '0de56b98-1b8a-4dfd-977e-f9939f822c3a', 'Jose ', 'Torales', '8', 'D', 'Y8126449B', '{}', 't', '1471', 't', 'NIE') ON CONFLICT DO NOTHING;
INSERT INTO players ("id", "team_id", "first_name", "last_name", "jersey_number", "position", "identification_id", "photo_urls", "is_federated", "federation_id", "active", "identification_type") VALUES ('416c0f0c-dc9a-4abb-ab68-1454f6ead91c', 'a0b6f286-9313-4773-81b2-55c8b131f22f', 'Alejandro ', 'Villalba ', '14', 'Defensor', 'C311533', '{/objects/uploads/63ec6b02-ec15-49ca-853a-340d51dbd97c}', 'f', NULL, 't', 'PASAPORTE') ON CONFLICT DO NOTHING;
INSERT INTO players ("id", "team_id", "first_name", "last_name", "jersey_number", "position", "identification_id", "photo_urls", "is_federated", "federation_id", "active", "identification_type") VALUES ('125bac75-d370-47fe-9a31-67836c91d5e1', 'a0b6f286-9313-4773-81b2-55c8b131f22f', 'Bruno ', 'Echeverria', '8', 'Drfensor lateral', NULL, '{/objects/uploads/bff2a2ea-54d1-43e0-aead-dc60a696631a}', 'f', NULL, 't', 'DNI') ON CONFLICT DO NOTHING;
INSERT INTO players ("id", "team_id", "first_name", "last_name", "jersey_number", "position", "identification_id", "photo_urls", "is_federated", "federation_id", "active", "identification_type") VALUES ('d405579a-acb0-4fb8-bb86-d2f8fdc77c01', 'a0b6f286-9313-4773-81b2-55c8b131f22f', 'Pablo', 'Mongelo', '17', 'Medio', NULL, '{/objects/uploads/a6883634-b2f2-4f50-b14b-d176d39bc977}', 'f', NULL, 't', 'DNI') ON CONFLICT DO NOTHING;
INSERT INTO players ("id", "team_id", "first_name", "last_name", "jersey_number", "position", "identification_id", "photo_urls", "is_federated", "federation_id", "active", "identification_type") VALUES ('7fc1ef36-c4a4-4b00-960a-10e4d4f8f47d', 'a0b6f286-9313-4773-81b2-55c8b131f22f', 'Carlos', 'Vidal', '3', 'Defensor', NULL, '{/objects/uploads/f8d0cc3e-991e-450a-a1fc-22be24b89c84}', 'f', NULL, 't', 'DNI') ON CONFLICT DO NOTHING;
INSERT INTO players ("id", "team_id", "first_name", "last_name", "jersey_number", "position", "identification_id", "photo_urls", "is_federated", "federation_id", "active", "identification_type") VALUES ('16d38df5-effc-4331-b62e-595651a64e7f', 'a0b6f286-9313-4773-81b2-55c8b131f22f', 'Joel ', 'Servin', '1', 'Arquero', NULL, '{/objects/uploads/55ca2f56-dd98-4efd-82e2-10daa8622575}', 'f', NULL, 't', 'DNI') ON CONFLICT DO NOTHING;
INSERT INTO players ("id", "team_id", "first_name", "last_name", "jersey_number", "position", "identification_id", "photo_urls", "is_federated", "federation_id", "active", "identification_type") VALUES ('af8b0592-fbc1-4d1f-9fbf-53f7a19229d3', 'a0b6f286-9313-4773-81b2-55c8b131f22f', 'Anderson', 'Amaya abando', '99', 'Delantero', NULL, '{/objects/uploads/64b2b52e-b2ec-427f-9765-c6d08d220aa1}', 'f', NULL, 't', 'DNI') ON CONFLICT DO NOTHING;
INSERT INTO players ("id", "team_id", "first_name", "last_name", "jersey_number", "position", "identification_id", "photo_urls", "is_federated", "federation_id", "active", "identification_type") VALUES ('2dc16817-8c99-4069-9268-67e0bc525cfd', 'a0b6f286-9313-4773-81b2-55c8b131f22f', 'Rodrigo', 'Vera', '11', 'Medio', NULL, '{/objects/uploads/77e7fda5-54d8-4559-adda-360260e6201b}', 'f', NULL, 't', 'DNI') ON CONFLICT DO NOTHING;
INSERT INTO players ("id", "team_id", "first_name", "last_name", "jersey_number", "position", "identification_id", "photo_urls", "is_federated", "federation_id", "active", "identification_type") VALUES ('65107849-09c4-4bdd-942e-c446b576c3c4', '3eb77084-054f-4b21-a3e5-13d898d6960b', 'Cristian ', 'Fariña', '8', 'Medio campo', 'Y9244917n', '{/objects/uploads/2e22d61f-9fe9-4eb5-a0b0-3fe319822481}', 't', NULL, 't', 'NIE') ON CONFLICT DO NOTHING;
INSERT INTO players ("id", "team_id", "first_name", "last_name", "jersey_number", "position", "identification_id", "photo_urls", "is_federated", "federation_id", "active", "identification_type") VALUES ('61d94a8c-3ab8-48d2-972e-a9c982dd3ffb', '3eb77084-054f-4b21-a3e5-13d898d6960b', 'Ever Ramon', 'Rodriguez', '18', 'Delantero', '5736086', '{/objects/uploads/cb94fae8-2b85-4d57-a951-f88d9929492c}', 't', NULL, 't', 'PASAPORTE') ON CONFLICT DO NOTHING;
INSERT INTO players ("id", "team_id", "first_name", "last_name", "jersey_number", "position", "identification_id", "photo_urls", "is_federated", "federation_id", "active", "identification_type") VALUES ('c087e178-8840-45c5-a380-53e006f54e78', 'a0b6f286-9313-4773-81b2-55c8b131f22f', 'Cesar ', 'Mongelos', '18', 'Medio', NULL, '{/objects/uploads/99b9e65a-6985-4d6b-8034-a3ff8c17a3bb}', 'f', NULL, 't', 'PASAPORTE') ON CONFLICT DO NOTHING;
INSERT INTO players ("id", "team_id", "first_name", "last_name", "jersey_number", "position", "identification_id", "photo_urls", "is_federated", "federation_id", "active", "identification_type") VALUES ('b7cd6dca-b6cf-4a8f-8d53-7c376765f5b5', 'a0b6f286-9313-4773-81b2-55c8b131f22f', 'Luis', 'Durand', '25', 'Arquero', '122430285', '{/objects/uploads/a2c9255a-a043-4606-8317-4551a2569978}', 'f', NULL, 't', 'PASAPORTE') ON CONFLICT DO NOTHING;
INSERT INTO players ("id", "team_id", "first_name", "last_name", "jersey_number", "position", "identification_id", "photo_urls", "is_federated", "federation_id", "active", "identification_type") VALUES ('3f1e42b2-4655-4353-8d13-ba0e5da2f102', '9b66d7b0-3e3b-4a62-82a7-4f1b6258fff8', 'Daniel', 'Vacas perez', '26', 'Medio campo ', '70428655x', '{/objects/uploads/b330e9ff-7170-42f4-854b-a8ae4c0d03a6}', 'f', NULL, 't', 'DNI') ON CONFLICT DO NOTHING;
INSERT INTO players ("id", "team_id", "first_name", "last_name", "jersey_number", "position", "identification_id", "photo_urls", "is_federated", "federation_id", "active", "identification_type") VALUES ('6197a8b8-b851-485a-bcab-3227d669d04d', '3eb77084-054f-4b21-a3e5-13d898d6960b', 'Maximiliano ', 'Gutiérrez ', '5', 'Defensa ', 'Y8707068l', '{/objects/uploads/84d9799c-682f-415f-a5cc-9fa3aaa195c5}', 'f', NULL, 't', 'NIE') ON CONFLICT DO NOTHING;
INSERT INTO players ("id", "team_id", "first_name", "last_name", "jersey_number", "position", "identification_id", "photo_urls", "is_federated", "federation_id", "active", "identification_type") VALUES ('e85b7bda-248b-4b52-88a1-209bf28e738d', 'a0b6f286-9313-4773-81b2-55c8b131f22f', 'Angel', 'Martinez', '23', 'Delantero', NULL, '{/objects/uploads/789f76fb-f3d5-4d48-80f9-361e07202016}', 'f', NULL, 't', 'PASAPORTE') ON CONFLICT DO NOTHING;
INSERT INTO players ("id", "team_id", "first_name", "last_name", "jersey_number", "position", "identification_id", "photo_urls", "is_federated", "federation_id", "active", "identification_type") VALUES ('d593003b-e690-4b6e-bfcd-831a1ba44a82', '3eb77084-054f-4b21-a3e5-13d898d6960b', 'Marcelo', 'Cardozo', '6', 'Medio campo', 'Z05356095', '{/objects/uploads/dbaecf26-b82b-4baa-88be-ba7bccb4df4c}', 'f', NULL, 't', 'NIE') ON CONFLICT DO NOTHING;
INSERT INTO players ("id", "team_id", "first_name", "last_name", "jersey_number", "position", "identification_id", "photo_urls", "is_federated", "federation_id", "active", "identification_type") VALUES ('d4d1da3f-460d-4f55-bad2-690bf61674a0', '3eb77084-054f-4b21-a3e5-13d898d6960b', 'Francisca ', 'Caballero ', '10', 'Delantero', NULL, '{/objects/uploads/e49a8ef3-1637-4d16-9007-0ce675c73140}', 'f', NULL, 't', 'DNI') ON CONFLICT DO NOTHING;
INSERT INTO players ("id", "team_id", "first_name", "last_name", "jersey_number", "position", "identification_id", "photo_urls", "is_federated", "federation_id", "active", "identification_type") VALUES ('2254ef8a-7bab-40ca-bccf-af6f30e3caa2', '3eb77084-054f-4b21-a3e5-13d898d6960b', 'Sebastián ', 'Ortega Morel', '14', 'Defensa ', 'Y1876336x ', '{/objects/uploads/a9aa52af-d06e-47d3-8b47-83d6f999c87b}', 'f', NULL, 't', 'NIE') ON CONFLICT DO NOTHING;
INSERT INTO players ("id", "team_id", "first_name", "last_name", "jersey_number", "position", "identification_id", "photo_urls", "is_federated", "federation_id", "active", "identification_type") VALUES ('0796c6ba-76b3-4df2-8633-b6450c73e1ab', '3eb77084-054f-4b21-a3e5-13d898d6960b', 'Facundo', 'Guardia', '22', 'Medio campo', 'Y1640000e', '{/objects/uploads/14ec8d07-557a-434b-9c9b-d9b29fcbfc11}', 'f', NULL, 't', 'NIE') ON CONFLICT DO NOTHING;
INSERT INTO players ("id", "team_id", "first_name", "last_name", "jersey_number", "position", "identification_id", "photo_urls", "is_federated", "federation_id", "active", "identification_type") VALUES ('d284cea7-6541-4682-9e7c-04840def41c1', '3eb77084-054f-4b21-a3e5-13d898d6960b', 'Lucio', 'Garberi', '9', 'Medio campo', 'Z4315796n', '{/objects/uploads/5c11db87-0dcc-45e2-a629-f809a963de56}', 'f', NULL, 't', 'NIE') ON CONFLICT DO NOTHING;
INSERT INTO players ("id", "team_id", "first_name", "last_name", "jersey_number", "position", "identification_id", "photo_urls", "is_federated", "federation_id", "active", "identification_type") VALUES ('0133e51b-13f3-46c3-b260-723fa97e1750', '6259d3d1-9cfe-4c19-8b32-f7e6d1433942', 'Rodney ', 'Ocampos', '1', 'Defensa ', NULL, '{}', 'f', NULL, 't', 'DNI') ON CONFLICT DO NOTHING;
INSERT INTO players ("id", "team_id", "first_name", "last_name", "jersey_number", "position", "identification_id", "photo_urls", "is_federated", "federation_id", "active", "identification_type") VALUES ('603cf5a3-56b5-4753-81d8-bc3820535fbc', '6259d3d1-9cfe-4c19-8b32-f7e6d1433942', 'Miguel', 'Ferreira', '1', 'Medio campo', NULL, '{}', 'f', NULL, 't', 'DNI') ON CONFLICT DO NOTHING;
INSERT INTO players ("id", "team_id", "first_name", "last_name", "jersey_number", "position", "identification_id", "photo_urls", "is_federated", "federation_id", "active", "identification_type") VALUES ('6abc7b3b-2a44-4858-a736-840e6844f8e1', '6259d3d1-9cfe-4c19-8b32-f7e6d1433942', 'Erico', 'Samudio', '1', 'Defensa ', NULL, '{}', 'f', NULL, 't', 'DNI') ON CONFLICT DO NOTHING;
INSERT INTO players ("id", "team_id", "first_name", "last_name", "jersey_number", "position", "identification_id", "photo_urls", "is_federated", "federation_id", "active", "identification_type") VALUES ('47d247c2-e5c1-40b0-8405-e49b7592a176', '6259d3d1-9cfe-4c19-8b32-f7e6d1433942', 'Derlis ', 'Estigarribia', '1', 'Medio campo', NULL, '{}', 'f', NULL, 't', 'DNI') ON CONFLICT DO NOTHING;
INSERT INTO players ("id", "team_id", "first_name", "last_name", "jersey_number", "position", "identification_id", "photo_urls", "is_federated", "federation_id", "active", "identification_type") VALUES ('ed4efe2e-b591-471c-bc63-15d25592ac75', '6259d3d1-9cfe-4c19-8b32-f7e6d1433942', 'Ale', 'Borja', '1', 'Medio campo', NULL, '{}', 'f', NULL, 't', 'DNI') ON CONFLICT DO NOTHING;
INSERT INTO players ("id", "team_id", "first_name", "last_name", "jersey_number", "position", "identification_id", "photo_urls", "is_federated", "federation_id", "active", "identification_type") VALUES ('064c2af1-1d3a-48eb-94e2-e63f798df7e0', '6259d3d1-9cfe-4c19-8b32-f7e6d1433942', 'Gonzalo ', 'Tuma', '1', NULL, NULL, '{}', 'f', NULL, 't', 'DNI') ON CONFLICT DO NOTHING;
INSERT INTO players ("id", "team_id", "first_name", "last_name", "jersey_number", "position", "identification_id", "photo_urls", "is_federated", "federation_id", "active", "identification_type") VALUES ('0755a06c-5aa7-4469-975c-71eef884ee2b', '6259d3d1-9cfe-4c19-8b32-f7e6d1433942', 'Diego ', 'Esquivel ', '1', 'Defensa ', NULL, '{}', 'f', NULL, 't', 'DNI') ON CONFLICT DO NOTHING;
INSERT INTO players ("id", "team_id", "first_name", "last_name", "jersey_number", "position", "identification_id", "photo_urls", "is_federated", "federation_id", "active", "identification_type") VALUES ('a24f0c7b-064c-47c9-953c-9aab729f283d', '6259d3d1-9cfe-4c19-8b32-f7e6d1433942', 'Julian ', 'Amarilla ', '1', NULL, NULL, '{}', 'f', NULL, 't', 'DNI') ON CONFLICT DO NOTHING;
INSERT INTO players ("id", "team_id", "first_name", "last_name", "jersey_number", "position", "identification_id", "photo_urls", "is_federated", "federation_id", "active", "identification_type") VALUES ('566dc3c4-203a-44ce-8a31-19cb8d46b2a7', '3eb77084-054f-4b21-a3e5-13d898d6960b', 'Adelante Esteban', 'Martínez ', '16', 'Delantero', 'Z3955382b', '{/objects/uploads/def745d9-f0cd-4a93-bd9f-a486c407cee4}', 'f', NULL, 't', 'NIE') ON CONFLICT DO NOTHING;
INSERT INTO players ("id", "team_id", "first_name", "last_name", "jersey_number", "position", "identification_id", "photo_urls", "is_federated", "federation_id", "active", "identification_type") VALUES ('3cbfc695-fb0a-41f4-8c23-1daa25bd7b5e', '34c51dc3-f3ab-4d18-adad-970db3a37784', 'David', 'Roman', '11', 'Delantero', 'A135663', '{/objects/uploads/c8323a43-77c2-4ead-a795-60f629223c21}', 'f', NULL, 't', 'PASAPORTE') ON CONFLICT DO NOTHING;
INSERT INTO players ("id", "team_id", "first_name", "last_name", "jersey_number", "position", "identification_id", "photo_urls", "is_federated", "federation_id", "active", "identification_type") VALUES ('b29f7312-5ffa-4699-b06e-2f7649c64190', '34c51dc3-f3ab-4d18-adad-970db3a37784', 'Luiz Rodrigo', 'Dasilva', '10', 'Mediocentro', 'Z0347714M', '{/objects/uploads/f8143e9d-2c8a-4ac7-b934-c695be0fb928}', 'f', NULL, 't', 'NIE') ON CONFLICT DO NOTHING;
INSERT INTO players ("id", "team_id", "first_name", "last_name", "jersey_number", "position", "identification_id", "photo_urls", "is_federated", "federation_id", "active", "identification_type") VALUES ('3c8ee85d-03a9-4bea-8721-2d4c5e019913', '34c51dc3-f3ab-4d18-adad-970db3a37784', 'Nestor ', 'Enciso', '4', 'Delantero', 'C331791', '{/objects/uploads/678428a3-9f21-4e8c-b384-c50522fcc365}', 'f', NULL, 't', 'PASAPORTE') ON CONFLICT DO NOTHING;
INSERT INTO players ("id", "team_id", "first_name", "last_name", "jersey_number", "position", "identification_id", "photo_urls", "is_federated", "federation_id", "active", "identification_type") VALUES ('f04e894c-dcd8-4507-b49c-506c1ad990de', '35df28de-250d-4623-8437-124cd36679b4', 'Diego ', 'Sousa', '11', 'Delantero', 'GA120198', '{}', 'f', NULL, 't', 'PASAPORTE') ON CONFLICT DO NOTHING;
INSERT INTO players ("id", "team_id", "first_name", "last_name", "jersey_number", "position", "identification_id", "photo_urls", "is_federated", "federation_id", "active", "identification_type") VALUES ('c5c3253f-e728-4578-8ea8-e1610f18a432', '35df28de-250d-4623-8437-124cd36679b4', 'Malio ', 'Oliva', '19', 'Central', 'A102043', '{}', 'f', NULL, 't', 'PASAPORTE') ON CONFLICT DO NOTHING;
INSERT INTO players ("id", "team_id", "first_name", "last_name", "jersey_number", "position", "identification_id", "photo_urls", "is_federated", "federation_id", "active", "identification_type") VALUES ('12ee1698-de26-42f0-b7aa-ed5443387217', '35df28de-250d-4623-8437-124cd36679b4', 'Jorge ', 'Ramírez ', '15', 'Central', 'A116732', '{/objects/uploads/318d748d-3b57-4348-91b2-af1693cf6899}', 'f', NULL, 't', 'PASAPORTE') ON CONFLICT DO NOTHING;
INSERT INTO players ("id", "team_id", "first_name", "last_name", "jersey_number", "position", "identification_id", "photo_urls", "is_federated", "federation_id", "active", "identification_type") VALUES ('75878153-ff26-493d-894a-1b6136353cb5', '35df28de-250d-4623-8437-124cd36679b4', 'Jony ', 'Valiente', '18', 'Delantero ', 'A125275', '{/objects/uploads/8ef6e79a-3c9f-40fa-a747-7a502592f6ac}', 'f', NULL, 't', 'PASAPORTE') ON CONFLICT DO NOTHING;
INSERT INTO players ("id", "team_id", "first_name", "last_name", "jersey_number", "position", "identification_id", "photo_urls", "is_federated", "federation_id", "active", "identification_type") VALUES ('d7aef65a-27f2-4f3a-b54c-7d7023955460', '065bfcc2-308e-4fd4-b0f7-e90d5b8b56bc', 'Andre', 'Ojeda', '15', 'Defensa', 'Ao31537', '{/objects/uploads/5c4926e5-de25-4dd8-8146-b7b43632b32f}', 'f', NULL, 't', 'PASAPORTE') ON CONFLICT DO NOTHING;
INSERT INTO players ("id", "team_id", "first_name", "last_name", "jersey_number", "position", "identification_id", "photo_urls", "is_federated", "federation_id", "active", "identification_type") VALUES ('54d4ee57-5085-4cbf-8112-9c16b3f79481', '065bfcc2-308e-4fd4-b0f7-e90d5b8b56bc', 'Alexis', 'Almada', '16', 'Defensa ', 'S701343', '{/objects/uploads/686378e7-efa1-4523-a44d-b47a55bce4c5}', 'f', NULL, 't', 'PASAPORTE') ON CONFLICT DO NOTHING;
INSERT INTO players ("id", "team_id", "first_name", "last_name", "jersey_number", "position", "identification_id", "photo_urls", "is_federated", "federation_id", "active", "identification_type") VALUES ('21ff22f2-181e-4cf1-90a4-eaa644bd0330', '065bfcc2-308e-4fd4-b0f7-e90d5b8b56bc', 'Fredy ', 'Ruiz', '11', 'Delatero', 'R666940', '{/objects/uploads/2af9333b-bc18-4615-a652-2398c5ca02e2}', 'f', NULL, 't', 'PASAPORTE') ON CONFLICT DO NOTHING;
INSERT INTO players ("id", "team_id", "first_name", "last_name", "jersey_number", "position", "identification_id", "photo_urls", "is_federated", "federation_id", "active", "identification_type") VALUES ('3403f3e7-73d4-446e-b641-b87bafff4c35', '065bfcc2-308e-4fd4-b0f7-e90d5b8b56bc', 'Cristian ', 'Duarte', '23', 'Delantero ', 'T787260', '{/objects/uploads/7141ad3f-a7f3-42b5-bfe9-9dd7e1674491}', 'f', NULL, 't', 'PASAPORTE') ON CONFLICT DO NOTHING;
INSERT INTO players ("id", "team_id", "first_name", "last_name", "jersey_number", "position", "identification_id", "photo_urls", "is_federated", "federation_id", "active", "identification_type") VALUES ('e4621d06-de45-4197-82b5-1097599acb03', '065bfcc2-308e-4fd4-b0f7-e90d5b8b56bc', 'Villlaba', 'Gomez', '22', 'Central', 'A167190', '{/objects/uploads/f2d77846-a713-4a4c-9041-479394b7d644}', 'f', NULL, 't', 'PASAPORTE') ON CONFLICT DO NOTHING;
INSERT INTO players ("id", "team_id", "first_name", "last_name", "jersey_number", "position", "identification_id", "photo_urls", "is_federated", "federation_id", "active", "identification_type") VALUES ('bfc4c0c8-df60-4379-ba3b-a63c87125330', '6259d3d1-9cfe-4c19-8b32-f7e6d1433942', 'Juan ', 'Valiente ', '1', 'Medio campo', NULL, '{}', 't', NULL, 't', 'DNI') ON CONFLICT DO NOTHING;
INSERT INTO players ("id", "team_id", "first_name", "last_name", "jersey_number", "position", "identification_id", "photo_urls", "is_federated", "federation_id", "active", "identification_type") VALUES ('be9d1b1f-3874-4057-a5c0-9992e252aff7', '6259d3d1-9cfe-4c19-8b32-f7e6d1433942', 'Damian', 'Cáceres ', '1', 'Defensa ', NULL, '{}', 'f', NULL, 't', 'DNI') ON CONFLICT DO NOTHING;
INSERT INTO players ("id", "team_id", "first_name", "last_name", "jersey_number", "position", "identification_id", "photo_urls", "is_federated", "federation_id", "active", "identification_type") VALUES ('d2410e26-c417-4e04-b9fa-9e435ab428bf', '6259d3d1-9cfe-4c19-8b32-f7e6d1433942', 'Martin ', 'Arriola', '1', 'Medio campo', NULL, '{}', 't', NULL, 't', 'DNI') ON CONFLICT DO NOTHING;
INSERT INTO players ("id", "team_id", "first_name", "last_name", "jersey_number", "position", "identification_id", "photo_urls", "is_federated", "federation_id", "active", "identification_type") VALUES ('730b585a-8c42-4181-a7d0-6de31f19735b', '6259d3d1-9cfe-4c19-8b32-f7e6d1433942', 'Marcial ', 'Chaparro', '1', 'Portero ', NULL, '{}', 'f', NULL, 't', 'DNI') ON CONFLICT DO NOTHING;
INSERT INTO players ("id", "team_id", "first_name", "last_name", "jersey_number", "position", "identification_id", "photo_urls", "is_federated", "federation_id", "active", "identification_type") VALUES ('9cc4cdde-4280-42d2-8cc5-ba73ad185e9c', '91cf16fd-0336-4df0-a15a-25e820eed7b5', 'Fabian', 'Jara', '9', 'Delantero', 'A9161585', '{/objects/uploads/68555b72-f670-452d-974c-b462b3e11ae8}', 'f', NULL, 't', 'PASAPORTE') ON CONFLICT DO NOTHING;
INSERT INTO players ("id", "team_id", "first_name", "last_name", "jersey_number", "position", "identification_id", "photo_urls", "is_federated", "federation_id", "active", "identification_type") VALUES ('a9cbe62f-6c4b-4f55-8f2b-bebf5bfb24ab', '2e23f2d6-4042-4a94-9ebb-13069e23fc1c', 'Juan', 'Gonzalez', '13', 'Mediocampo', 'S741702', '{/objects/uploads/d0667a69-ae22-4a20-a689-3d33935989a5}', 'f', NULL, 't', 'PASAPORTE') ON CONFLICT DO NOTHING;
INSERT INTO players ("id", "team_id", "first_name", "last_name", "jersey_number", "position", "identification_id", "photo_urls", "is_federated", "federation_id", "active", "identification_type") VALUES ('5279d91e-5353-4c5a-aba4-5e385dec1598', 'c7052d00-140e-4d8a-ae44-63e8603a5236', 'Richard', 'Cabral', '1', 'Arquero', 'A105339 ', '{/objects/uploads/1a0ce6ee-3a44-45a6-9f94-1945eab2930c}', 'f', NULL, 't', 'PASAPORTE') ON CONFLICT DO NOTHING;
INSERT INTO players ("id", "team_id", "first_name", "last_name", "jersey_number", "position", "identification_id", "photo_urls", "is_federated", "federation_id", "active", "identification_type") VALUES ('6db590a8-67df-404e-a9ee-34770d6617ae', 'c3efc237-51c9-471f-a17d-4f90f1f253af', 'Richard', 'Cabral', '1', 'Arquero', 'A105339 ', '{/objects/uploads/bc378857-a01f-46d4-8168-4e7f594f4574}', 'f', NULL, 't', 'PASAPORTE') ON CONFLICT DO NOTHING;
INSERT INTO players ("id", "team_id", "first_name", "last_name", "jersey_number", "position", "identification_id", "photo_urls", "is_federated", "federation_id", "active", "identification_type") VALUES ('1337c89a-7af1-442c-80a7-34a973018e05', '3504f2dc-9798-4e8f-b754-6568193dffcd', 'Elvis ', 'Mancuello ', '26', 'Delantero ', 'A205673', '{/objects/uploads/6870cb44-91bd-41e3-a2a0-c1ce4de81477}', 'f', NULL, 't', 'PASAPORTE') ON CONFLICT DO NOTHING;
INSERT INTO players ("id", "team_id", "first_name", "last_name", "jersey_number", "position", "identification_id", "photo_urls", "is_federated", "federation_id", "active", "identification_type") VALUES ('67bd4302-0882-4fd0-9d0a-4a349a7b5d3e', 'c3efc237-51c9-471f-a17d-4f90f1f253af', 'Eusebio ', 'Yegros ', '9', 'Delantero ', 'Z1769670D', '{/objects/uploads/5d95993d-0866-45e2-a380-3b5eb339b186}', 'f', NULL, 't', 'NIE') ON CONFLICT DO NOTHING;
INSERT INTO players ("id", "team_id", "first_name", "last_name", "jersey_number", "position", "identification_id", "photo_urls", "is_federated", "federation_id", "active", "identification_type") VALUES ('8d0f7f7c-5da1-44a4-bc50-54d41894e665', 'c3efc237-51c9-471f-a17d-4f90f1f253af', 'Aldo', 'García ', '21', 'Delantero', 'Y1630106H', '{/objects/uploads/a04d5677-5270-4973-8fc4-f14712f71fd9}', 'f', NULL, 't', 'NIE') ON CONFLICT DO NOTHING;
INSERT INTO players ("id", "team_id", "first_name", "last_name", "jersey_number", "position", "identification_id", "photo_urls", "is_federated", "federation_id", "active", "identification_type") VALUES ('69dcc192-03b8-4977-bff7-23de1f7761bb', 'c3efc237-51c9-471f-a17d-4f90f1f253af', 'Rolando', 'Lopez ', '4', 'Defensa', 'X7263511L', '{/objects/uploads/38f4c0a0-3f4d-404b-b871-0f29f79b26b4}', 'f', NULL, 't', 'NIE') ON CONFLICT DO NOTHING;
INSERT INTO players ("id", "team_id", "first_name", "last_name", "jersey_number", "position", "identification_id", "photo_urls", "is_federated", "federation_id", "active", "identification_type") VALUES ('77a63571-61db-415c-981a-d3d239153b75', 'c7052d00-140e-4d8a-ae44-63e8603a5236', 'Josué', 'González', '5', 'Mediocentro', 'T816860', '{}', 'f', NULL, 't', 'PASAPORTE') ON CONFLICT DO NOTHING;
INSERT INTO players ("id", "team_id", "first_name", "last_name", "jersey_number", "position", "identification_id", "photo_urls", "is_federated", "federation_id", "active", "identification_type") VALUES ('7d33e7ce-5a47-4141-b852-e39c6458602a', 'c3efc237-51c9-471f-a17d-4f90f1f253af', 'Miguel', 'Cardozo ', '80', 'Lateral', 'S749638', '{}', 'f', NULL, 't', 'PASAPORTE') ON CONFLICT DO NOTHING;
INSERT INTO players ("id", "team_id", "first_name", "last_name", "jersey_number", "position", "identification_id", "photo_urls", "is_federated", "federation_id", "active", "identification_type") VALUES ('c6f2f8fb-918d-49be-ba47-1b266d847615', 'c7052d00-140e-4d8a-ae44-63e8603a5236', 'Victor ', 'Quiñones ', '10', 'Delantero', 'T793516', '{/objects/uploads/406b8e05-3871-4416-9758-3d2d9c1acbb8}', 'f', NULL, 't', 'PASAPORTE') ON CONFLICT DO NOTHING;
INSERT INTO players ("id", "team_id", "first_name", "last_name", "jersey_number", "position", "identification_id", "photo_urls", "is_federated", "federation_id", "active", "identification_type") VALUES ('93189001-dd5a-45f7-a45d-e9a32a4be84e', 'c7052d00-140e-4d8a-ae44-63e8603a5236', 'Nestor', 'Otazu', '11', 'Extremo', '7915321', '{/objects/uploads/ab0dde3f-57e0-4110-97e4-9c5972c8ab77}', 'f', NULL, 't', 'DNI') ON CONFLICT DO NOTHING;
INSERT INTO players ("id", "team_id", "first_name", "last_name", "jersey_number", "position", "identification_id", "photo_urls", "is_federated", "federation_id", "active", "identification_type") VALUES ('bcd38957-fd9f-48da-9482-5f2e4aadf935', 'c7052d00-140e-4d8a-ae44-63e8603a5236', 'Daniel ', 'Lezcano', '2', 'Lateral', 'C284001', '{}', 'f', NULL, 't', 'PASAPORTE') ON CONFLICT DO NOTHING;
INSERT INTO players ("id", "team_id", "first_name", "last_name", "jersey_number", "position", "identification_id", "photo_urls", "is_federated", "federation_id", "active", "identification_type") VALUES ('298601b9-ab26-4ee2-9a41-bba8d7ff5e40', 'c7052d00-140e-4d8a-ae44-63e8603a5236', 'Juan', 'Godoy', '14', 'Defensa ', 'Y8509898G', '{/objects/uploads/f8d16735-95c2-44ef-b624-76a8bc8a7ef0}', 'f', NULL, 't', 'NIE') ON CONFLICT DO NOTHING;
INSERT INTO players ("id", "team_id", "first_name", "last_name", "jersey_number", "position", "identification_id", "photo_urls", "is_federated", "federation_id", "active", "identification_type") VALUES ('f063e9a2-e157-4ccf-a46d-1356688accb6', 'c3efc237-51c9-471f-a17d-4f90f1f253af', 'Juan', 'Godoy', '14', 'Defensa', 'Y8509898G', '{/objects/uploads/0d62434b-a909-44db-a0f1-445efc13a4f8}', 'f', NULL, 't', 'NIE') ON CONFLICT DO NOTHING;
INSERT INTO players ("id", "team_id", "first_name", "last_name", "jersey_number", "position", "identification_id", "photo_urls", "is_federated", "federation_id", "active", "identification_type") VALUES ('3c0e881a-1512-47fc-a6d2-4e98d83fb2d5', 'c3efc237-51c9-471f-a17d-4f90f1f253af', 'Manuel', 'Lezcano', '17', 'Defensa', 'Z2068741B', '{/objects/uploads/aed922af-4fb8-4aa7-8702-86fa0fae4257}', 'f', NULL, 't', 'NIE') ON CONFLICT DO NOTHING;
INSERT INTO players ("id", "team_id", "first_name", "last_name", "jersey_number", "position", "identification_id", "photo_urls", "is_federated", "federation_id", "active", "identification_type") VALUES ('6d0ff19a-3e7d-4c94-8d61-b5a5dad7b4fd', 'c7052d00-140e-4d8a-ae44-63e8603a5236', 'Manuel', 'Lezcano', '17', 'Defensa ', 'Z2068741B', '{/objects/uploads/3eca40c7-9bfd-4354-bd5d-bb7617c248cb}', 'f', NULL, 't', 'NIE') ON CONFLICT DO NOTHING;

-- ============================================================
-- Tabla: matches (9 filas)
-- ============================================================
INSERT INTO matches ("id", "tournament_id", "round_number", "date_time", "field", "home_team_id", "away_team_id", "referee_user_id", "status", "home_score", "away_score", "vs_image_url", "stage", "referee_notes", "stage_id", "division_id") VALUES ('63a29f39-e62d-473c-87c3-f133a5cc4284', '86a7dc6c-f590-49f0-abb1-7f3c0dffe62d', '2', '2026-04-11T20:00', 'Portada alta ', '83a1ae9f-d6ff-46c0-9d87-fe384f40e20e', '6259d3d1-9cfe-4c19-8b32-f7e6d1433942', NULL, 'PROGRAMADO', NULL, NULL, '/objects/uploads/f62d2d8b-5629-46b1-bace-b44cc377e0a7', NULL, NULL, NULL, '2cec8476-a224-41d5-b597-388fc05c2c75') ON CONFLICT DO NOTHING;
INSERT INTO matches ("id", "tournament_id", "round_number", "date_time", "field", "home_team_id", "away_team_id", "referee_user_id", "status", "home_score", "away_score", "vs_image_url", "stage", "referee_notes", "stage_id", "division_id") VALUES ('f5103355-8e8a-4d7f-ae71-cef3ef075b1e', '86a7dc6c-f590-49f0-abb1-7f3c0dffe62d', '2', '2026-04-12T15:00', 'Portada alta ', '9b66d7b0-3e3b-4a62-82a7-4f1b6258fff8', '6dc24c30-97fe-410a-8bf4-f096507da76c', NULL, 'PROGRAMADO', NULL, NULL, '/objects/uploads/fd5cd2d3-f7ac-4b8c-8b48-3dd97aeb9a88', NULL, NULL, NULL, 'e22ae070-36b7-4591-950e-f0216b8a7bb2') ON CONFLICT DO NOTHING;
INSERT INTO matches ("id", "tournament_id", "round_number", "date_time", "field", "home_team_id", "away_team_id", "referee_user_id", "status", "home_score", "away_score", "vs_image_url", "stage", "referee_notes", "stage_id", "division_id") VALUES ('aeafe82e-f54a-4e2a-bafc-d0088192f280', '86a7dc6c-f590-49f0-abb1-7f3c0dffe62d', '2', '2026-04-12T16:05', 'Portada alta ', '8615f2fc-0ef4-4b80-8887-1123d3890762', '1ebc1b72-055e-4aef-a906-ed0ec11e2840', NULL, 'PROGRAMADO', NULL, NULL, '/objects/uploads/7f64d2c6-3dff-4dfc-a6aa-daae90762374', NULL, NULL, NULL, 'e22ae070-36b7-4591-950e-f0216b8a7bb2') ON CONFLICT DO NOTHING;
INSERT INTO matches ("id", "tournament_id", "round_number", "date_time", "field", "home_team_id", "away_team_id", "referee_user_id", "status", "home_score", "away_score", "vs_image_url", "stage", "referee_notes", "stage_id", "division_id") VALUES ('ddb96f95-5587-4543-9da9-eb5509b02759', '86a7dc6c-f590-49f0-abb1-7f3c0dffe62d', '2', '2026-04-12T17:10', 'Portada alta ', '91cf16fd-0336-4df0-a15a-25e820eed7b5', '011bbdb9-1e88-495c-97cc-eddb51427c51', NULL, 'PROGRAMADO', NULL, NULL, '/objects/uploads/d073dac6-7128-4c30-9524-68173f2071ce', NULL, NULL, NULL, 'e22ae070-36b7-4591-950e-f0216b8a7bb2') ON CONFLICT DO NOTHING;
INSERT INTO matches ("id", "tournament_id", "round_number", "date_time", "field", "home_team_id", "away_team_id", "referee_user_id", "status", "home_score", "away_score", "vs_image_url", "stage", "referee_notes", "stage_id", "division_id") VALUES ('6043e974-d8ad-442e-a6fb-06794d43ab35', '86a7dc6c-f590-49f0-abb1-7f3c0dffe62d', '2', '2026-04-12T18:15', 'Portada alta ', '2e23f2d6-4042-4a94-9ebb-13069e23fc1c', '065bfcc2-308e-4fd4-b0f7-e90d5b8b56bc', NULL, 'PROGRAMADO', NULL, NULL, '/objects/uploads/8c6876b0-8d5b-4994-9dba-b5a365e9426e', NULL, NULL, NULL, 'e22ae070-36b7-4591-950e-f0216b8a7bb2') ON CONFLICT DO NOTHING;
INSERT INTO matches ("id", "tournament_id", "round_number", "date_time", "field", "home_team_id", "away_team_id", "referee_user_id", "status", "home_score", "away_score", "vs_image_url", "stage", "referee_notes", "stage_id", "division_id") VALUES ('5a66458b-0196-4a17-9941-4e71d41569da', '86a7dc6c-f590-49f0-abb1-7f3c0dffe62d', '2', '2026-04-12T19:20', 'Portada alta ', '0de56b98-1b8a-4dfd-977e-f9939f822c3a', '96c15e2e-6ead-444a-8bd0-6ffd12d7d5d1', NULL, 'PROGRAMADO', NULL, NULL, '/objects/uploads/f7c0223c-5810-430d-8bab-0ec5a4cc7be6', NULL, NULL, NULL, 'e22ae070-36b7-4591-950e-f0216b8a7bb2') ON CONFLICT DO NOTHING;
INSERT INTO matches ("id", "tournament_id", "round_number", "date_time", "field", "home_team_id", "away_team_id", "referee_user_id", "status", "home_score", "away_score", "vs_image_url", "stage", "referee_notes", "stage_id", "division_id") VALUES ('95a74a64-6a94-4930-b0af-58bae5e1a098', '86a7dc6c-f590-49f0-abb1-7f3c0dffe62d', '2', '2026-04-11T22:00', 'Portada alta ', '34c51dc3-f3ab-4d18-adad-970db3a37784', 'c3efc237-51c9-471f-a17d-4f90f1f253af', NULL, 'PROGRAMADO', NULL, NULL, '/objects/uploads/338d89f2-9300-4343-b408-ef3c6e86c862', NULL, NULL, NULL, '2cec8476-a224-41d5-b597-388fc05c2c75') ON CONFLICT DO NOTHING;
INSERT INTO matches ("id", "tournament_id", "round_number", "date_time", "field", "home_team_id", "away_team_id", "referee_user_id", "status", "home_score", "away_score", "vs_image_url", "stage", "referee_notes", "stage_id", "division_id") VALUES ('7ebb6098-f330-4c76-90ea-338fcee01910', '86a7dc6c-f590-49f0-abb1-7f3c0dffe62d', '2', '2026-04-11T21:00', 'Portada alta ', '7ad8ae90-c788-41b1-87e3-7b8b8cf95c97', '2309b0ff-44cc-4964-b56c-182fe8ebb925', NULL, 'PROGRAMADO', NULL, NULL, '/objects/uploads/1a97ec57-ee5b-4d5a-8406-16dc2eee1ce7', NULL, NULL, NULL, '2cec8476-a224-41d5-b597-388fc05c2c75') ON CONFLICT DO NOTHING;
INSERT INTO matches ("id", "tournament_id", "round_number", "date_time", "field", "home_team_id", "away_team_id", "referee_user_id", "status", "home_score", "away_score", "vs_image_url", "stage", "referee_notes", "stage_id", "division_id") VALUES ('3bf7763b-3780-4a63-b541-20648398cb80', '86a7dc6c-f590-49f0-abb1-7f3c0dffe62d', '2', '2026-04-12T20:25', 'Portada alta ', 'f97ec679-d83d-456e-87dd-c20b806bd710', '877bccca-879f-4579-8ca3-37ed944e9df7', NULL, 'PROGRAMADO', NULL, NULL, '/objects/uploads/520ad3e1-ce28-4324-8197-a931f85b363a', NULL, NULL, NULL, '2cec8476-a224-41d5-b597-388fc05c2c75') ON CONFLICT DO NOTHING;

-- ============================================================
-- Tabla: match_events (0 filas)
-- ============================================================
-- (sin datos)

-- ============================================================
-- Tabla: match_lineups (0 filas)
-- ============================================================
-- (sin datos)

-- ============================================================
-- Tabla: match_substitutions (0 filas)
-- ============================================================
-- (sin datos)

-- ============================================================
-- Tabla: fines (1 filas)
-- ============================================================
INSERT INTO fines ("id", "tournament_id", "match_id", "match_event_id", "team_id", "player_id", "card_type", "amount", "status", "paid_amount", "paid_at", "created_at") VALUES ('720bd322-0d75-409b-bc20-d526ebf1322e', '86a7dc6c-f590-49f0-abb1-7f3c0dffe62d', '75939d11-ee34-4abd-929c-01d374a34eba', NULL, '91cf16fd-0336-4df0-a15a-25e820eed7b5', NULL, 'NO_PRESENTADO', '15', 'PENDIENTE', NULL, NULL, '2026-04-05 11:53:02.575448+00') ON CONFLICT DO NOTHING;

-- ============================================================
-- Tabla: fine_payments (0 filas)
-- ============================================================
-- (sin datos)

-- ============================================================
-- Tabla: tournament_expenses (1 filas)
-- ============================================================
INSERT INTO tournament_expenses ("START TRANSACTION") VALUES ('ROLLBACK') ON CONFLICT DO NOTHING;

-- ============================================================
-- Tabla: player_suspensions (1 filas)
-- ============================================================
INSERT INTO player_suspensions ("id", "tournament_id", "player_id", "team_id", "match_id", "match_event_id", "reason", "matches_remaining", "status", "created_at") VALUES ('49a8510e-ce2c-4b98-baef-ac79fe05bc61', '86a7dc6c-f590-49f0-abb1-7f3c0dffe62d', '142df60c-a974-4030-8601-7bd12200b6a5', '2309b0ff-44cc-4964-b56c-182fe8ebb925', '95f15b6f-2c1f-4960-8dfb-35814ea8da69', 'fcc2602d-a5d7-4cbf-a45e-b7e710a594ce', 'Doble tarjeta amarilla (roja)', '1', 'ACTIVO', '2026-04-07 11:16:29.509508+00') ON CONFLICT DO NOTHING;

-- ============================================================
-- Tabla: news (0 filas)
-- ============================================================
-- (sin datos)

-- ============================================================
-- Tabla: marketing_media (10 filas)
-- ============================================================
INSERT INTO marketing_media ("id", "title", "description", "type", "url", "thumbnail_url", "tournament_id", "created_at") VALUES ('b37ee0c1-0e1c-4983-bb48-03e9f8c76596', 'IMG_2851', NULL, 'PHOTO', '/objects/uploads/8706f3b9-e3a0-4c17-8035-7ad84516e8c7', NULL, NULL, '2026-02-26 10:45:36.230112+00') ON CONFLICT DO NOTHING;
INSERT INTO marketing_media ("id", "title", "description", "type", "url", "thumbnail_url", "tournament_id", "created_at") VALUES ('cf5f514c-ad15-4520-ada2-b19e75d4a687', 'b70b3cad-7145-4120-bea8-a453262a1acf', NULL, 'PHOTO', '/objects/uploads/063a9661-c7a0-4f56-9d0e-685c07791f29', NULL, NULL, '2026-02-26 10:45:38.03265+00') ON CONFLICT DO NOTHING;
INSERT INTO marketing_media ("id", "title", "description", "type", "url", "thumbnail_url", "tournament_id", "created_at") VALUES ('3b8792cd-b782-485a-9ee8-0a9c3a2f32d5', 'IMG_2546', NULL, 'PHOTO', '/objects/uploads/1663a1ee-eac1-4208-a6c9-aed7b954a302', NULL, NULL, '2026-02-26 10:45:39.624282+00') ON CONFLICT DO NOTHING;
INSERT INTO marketing_media ("id", "title", "description", "type", "url", "thumbnail_url", "tournament_id", "created_at") VALUES ('17674f93-6656-4a79-98f4-a97256a4255b', 'IMG_2545', NULL, 'PHOTO', '/objects/uploads/b23139ab-f798-4a69-b5be-8682be1b8843', NULL, NULL, '2026-02-26 10:45:41.202078+00') ON CONFLICT DO NOTHING;
INSERT INTO marketing_media ("id", "title", "description", "type", "url", "thumbnail_url", "tournament_id", "created_at") VALUES ('83a1cd90-3222-40c6-9f9c-db3489d893a3', 'IMG_2544', NULL, 'PHOTO', '/objects/uploads/09b3f194-762b-4629-af61-62764366f3b5', NULL, NULL, '2026-02-26 10:45:42.806472+00') ON CONFLICT DO NOTHING;
INSERT INTO marketing_media ("id", "title", "description", "type", "url", "thumbnail_url", "tournament_id", "created_at") VALUES ('e972ac3b-9036-43b7-9541-7c63259747d0', 'IMG_2543', NULL, 'PHOTO', '/objects/uploads/b79913e1-7bc2-47c7-8669-0b6c37b04868', NULL, NULL, '2026-02-26 10:45:44.291552+00') ON CONFLICT DO NOTHING;
INSERT INTO marketing_media ("id", "title", "description", "type", "url", "thumbnail_url", "tournament_id", "created_at") VALUES ('03cf4e31-8dae-47fd-9403-a1d72f6796ba', 'IMG_2540', NULL, 'PHOTO', '/objects/uploads/f32d2ebd-e9e4-4ad5-9e11-af3488ff220a', NULL, NULL, '2026-02-26 10:45:46.201137+00') ON CONFLICT DO NOTHING;
INSERT INTO marketing_media ("id", "title", "description", "type", "url", "thumbnail_url", "tournament_id", "created_at") VALUES ('f04004cc-a84b-422f-a3c1-dd21c56b8d11', 'IMG_2539', NULL, 'PHOTO', '/objects/uploads/a2ec5845-caa5-4a61-85a6-6d23bf388f17', NULL, NULL, '2026-02-26 10:45:47.928942+00') ON CONFLICT DO NOTHING;
INSERT INTO marketing_media ("id", "title", "description", "type", "url", "thumbnail_url", "tournament_id", "created_at") VALUES ('8e709555-5f8f-425e-9b28-51258e826b0c', 'IMG_2541', NULL, 'PHOTO', '/objects/uploads/6b0d1121-cb3c-4a9b-b260-36a36b1768ae', NULL, NULL, '2026-02-26 10:45:50.847493+00') ON CONFLICT DO NOTHING;
INSERT INTO marketing_media ("id", "title", "description", "type", "url", "thumbnail_url", "tournament_id", "created_at") VALUES ('a8bd860d-13ee-40d4-955f-7571f7e19308', 'IMG_2538', NULL, 'PHOTO', '/objects/uploads/6013cf39-1b1b-4109-8dd7-e4fe086e6d5e', NULL, NULL, '2026-02-26 10:45:52.651725+00') ON CONFLICT DO NOTHING;

-- ============================================================
-- Tabla: site_settings (1 filas)
-- ============================================================
INSERT INTO site_settings ("id", "league_name", "logo_url", "phone", "email", "address", "instagram_url", "facebook_url", "whatsapp_number", "updated_at") VALUES ('db1a8e5c-4704-42db-99b4-bdaea0d3018e', 'La Liga de Campeones ', '/objects/uploads/88751738-0edb-40a4-b32b-c95814c87e2f', NULL, NULL, NULL, 'Laligadecampeones_100', NULL, NULL, '2026-03-03T10:42:46.287Z') ON CONFLICT DO NOTHING;

-- ============================================================
-- Tabla: messages (0 filas)
-- ============================================================
-- (sin datos)

-- ============================================================
-- Tabla: contact_messages (16 filas)
-- ============================================================
INSERT INTO contact_messages ("id", "contact_name", "phone", "email", "comments", "status", "created_at") VALUES ('b5453287-aa9e-43c6-923a-ac445997c001', 'Lorenzo Ocampos', '631770002', 'ocamposlorenzo998@gmail.com', 'Nombre del Equipo: Tobati Fc', 'LEIDO', '2026-03-18 12:44:02.381385+00') ON CONFLICT DO NOTHING;
INSERT INTO contact_messages ("id", "contact_name", "phone", "email", "comments", "status", "created_at") VALUES ('434fb840-3715-4d92-9931-2a5a91781961', 'Juan Nuñez Martin', '643065282', 'alandalusleaks@gmail.com', 'Llevamls mucho jugando juntos y somos unas 15 personas ', 'RESPONDIDO', '2026-03-16 12:31:37.459658+00') ON CONFLICT DO NOTHING;
INSERT INTO contact_messages ("id", "contact_name", "phone", "email", "comments", "status", "created_at") VALUES ('1351681c-d2fa-4aae-b42a-4171be9ba244', 'Daniel Vacas Pérez ', '673585995', 'danivp214@gmail.com', 'Buenas quería saber si hay alguna posibilidad de ponerme en contacto con los club por si le hace falta jugador ', 'RESPONDIDO', '2026-03-05 14:51:47.70694+00') ON CONFLICT DO NOTHING;
INSERT INTO contact_messages ("id", "contact_name", "phone", "email", "comments", "status", "created_at") VALUES ('26850b45-ae9e-4eea-aa24-5a00a7df99fb', 'José Torres ', '624079732', 'torresjo2002@gmail.com', 'Sp.Tobati ', 'NUEVO', '2026-03-19 13:02:25.513279+00') ON CONFLICT DO NOTHING;
INSERT INTO contact_messages ("id", "contact_name", "phone", "email", "comments", "status", "created_at") VALUES ('033c3735-1030-44b1-8069-1bc3895c1766', 'Carlos David arias', '603431277', 'carlosdavidarias124@gmail.com', 'carlosdavidarias124@gmail.com', 'NUEVO', '2026-03-19 20:47:06.120339+00') ON CONFLICT DO NOTHING;
INSERT INTO contact_messages ("id", "contact_name", "phone", "email", "comments", "status", "created_at") VALUES ('23de3e4a-b11e-457f-b43a-e3c4bf05baa2', 'Nestor Fabian Benitez', '603446106', 'winey7911@gmail.com', 'Quiero inscribir mi equipo para el torneo EL PALO FC. +30', 'NUEVO', '2026-03-20 20:58:39.722718+00') ON CONFLICT DO NOTHING;
INSERT INTO contact_messages ("id", "contact_name", "phone", "email", "comments", "status", "created_at") VALUES ('2d242df6-50ec-42b2-8956-48b83534b0d9', 'Santo Domingo ', '634261552', 'alexisparedesbritos56@gmail.com', 'A por el campeonato ', 'NUEVO', '2026-03-22 22:30:45.270362+00') ON CONFLICT DO NOTHING;
INSERT INTO contact_messages ("id", "contact_name", "phone", "email", "comments", "status", "created_at") VALUES ('0bf44b11-15c8-4876-928a-38192b256c3b', 'Christian ', '604455208', 'christianstellabotte@gmail.com', 'Me interesa mas información de los torneos', 'NUEVO', '2026-03-28 19:28:50.391412+00') ON CONFLICT DO NOTHING;
INSERT INTO contact_messages ("id", "contact_name", "phone", "email", "comments", "status", "created_at") VALUES ('ff4c1f60-be21-4b02-a279-ddf6b103e0bc', 'Cristian ', '744737276', 'carraquecristianperez@gmail.com', 'Para información ', 'NUEVO', '2026-03-29 10:54:44.923566+00') ON CONFLICT DO NOTHING;
INSERT INTO contact_messages ("id", "contact_name", "phone", "email", "comments", "status", "created_at") VALUES ('815f12b3-5b66-4670-bad4-fdd8e5fe0c80', 'Millonarios ', '631241997', 'alejandrovillalba0014@gmail.com', 'Equipaso tenemos', 'NUEVO', '2026-03-30 09:49:36.361479+00') ON CONFLICT DO NOTHING;
INSERT INTO contact_messages ("id", "contact_name", "phone", "email", "comments", "status", "created_at") VALUES ('94121158-d232-4252-b3bf-bf3306c13e5c', 'Millonaros + 30', '631241997', 'alejandrovillalba0014@gmail.com', 'Lindo tornei', 'NUEVO', '2026-03-30 09:50:14.001903+00') ON CONFLICT DO NOTHING;
INSERT INTO contact_messages ("id", "contact_name", "phone", "email", "comments", "status", "created_at") VALUES ('54214a7b-880c-46c8-9f86-973ebbfb1588', 'Millonaros + 30', '631241997', 'alejandrovillalba0014@gmail.com', 'Lindo toneo', 'NUEVO', '2026-03-30 09:56:12.427851+00') ON CONFLICT DO NOTHING;
INSERT INTO contact_messages ("id", "contact_name", "phone", "email", "comments", "status", "created_at") VALUES ('e9cd21a2-f206-4720-9ef7-75fa8469f820', 'Hugo Farina', '642452007', 'hugofarina99@gmail.com', 'Albiroja Torre - Vélez ') ON CONFLICT DO NOTHING;
INSERT INTO contact_messages ("id", "contact_name", "phone", "email", "comments", "status", "created_at") VALUES ('18 jugadores entre libre y + 30,NUEVO,2026-04-06 11:16:48.428208+00') ON CONFLICT DO NOTHING;
INSERT INTO contact_messages ("id", "contact_name", "phone", "email", "comments", "status", "created_at") VALUES ('c4183bdd-1759-4ace-8992-9ff3804290d0', 'Hugo Fariña ', '642452007', 'hugofarina99@gmail.com', 'Albiroja torre - Vélez estiló libre y + 30', 'NUEVO', '2026-04-08 08:33:09.420562+00') ON CONFLICT DO NOTHING;
INSERT INTO contact_messages ("id", "contact_name", "phone", "email", "comments", "status", "created_at") VALUES ('2edab81a-c1e9-4e93-ad96-120c322c6550', 'gerardo mendoza', '663173721', 'gerardomendoz680@gmail.com', 'Albirroja Vélez y torre', 'RESPONDIDO', '2026-04-09 07:34:14.560701+00') ON CONFLICT DO NOTHING;

-- ============================================================
-- Tabla: competition_rules (0 filas)
-- ============================================================
-- (sin datos)

-- ============================================================
-- Tabla: competition_seasons (0 filas)
-- ============================================================
-- (sin datos)

-- ============================================================
-- Tabla: standings_entries (0 filas)
-- ============================================================
-- (sin datos)

-- ============================================================
-- Tabla: division_movements (0 filas)
-- ============================================================
-- (sin datos)

-- ============================================================
-- Tabla: bracket_matches (0 filas)
-- ============================================================
-- (sin datos)

-- ============================================================
-- Tabla: gallery_items (sin datos accesibles desde backup)
-- ============================================================

COMMIT;

-- Total de filas exportadas: 303
